Binomial,NCBI taxon id,Order,Family,Data source,Haploid genome size,Repeat %,Heterozygosity %
Abrostola tripartita,938171,Lepidoptera,Noctuidae,pacbio,371685634,15.15,0.95
Abrostola tripartita,938171,Lepidoptera,Noctuidae,pacbio,373000835,19.16,1.04
Adalia bipunctata,7084,"",Coccinellidae,pacbio,466735418,52.27,1.45
Adalia bipunctata,7084,"",Coccinellidae,pacbio,458611346,58.15,1.71
Adalia bipunctata,7084,"",Coccinellidae,hic-arima,810514421,75.09,0.25
Adalia bipunctata,7084,"",Coccinellidae,hic-arima,791440224,81.7,0.32
Aelia acuminata,1511221,Hemiptera,Pentatomidae,10x,1222629253,45.68,2.55
Aelia acuminata,1511221,Hemiptera,Pentatomidae,10x,1237077495,53.43,2.83
Aelia acuminata,1511221,Hemiptera,Pentatomidae,pacbio,1116845426,42.03,2.46
Aelia acuminata,1511221,Hemiptera,Pentatomidae,pacbio,1121471056,50.18,2.72
Aeshna mixta,229377,Odonata,Aeshnidae,10x,1649426726,33.3,0.68
Aeshna mixta,229377,Odonata,Aeshnidae,10x,1693190360,39.74,0.74
Aeshna mixta,229377,Odonata,Aeshnidae,pacbio,1613984500,28.12,0.56
Aeshna mixta,229377,Odonata,Aeshnidae,pacbio,1609494685,33.74,0.58
Aglais io,171585,Lepidoptera,Nymphalidae,10x,439473633,28.91,0.72
Aglais io,171585,Lepidoptera,Nymphalidae,10x,445677226,34.34,0.74
Aglais io,171585,Lepidoptera,Nymphalidae,pacbio,390583782,19.6,0.69
Aglais io,171585,Lepidoptera,Nymphalidae,pacbio,390983839,24.95,0.7
Aglais urticae,111881,Lepidoptera,Nymphalidae,10x,402146596,26.11,2.57
Aglais urticae,111881,Lepidoptera,Nymphalidae,10x,403207856,31.2,2.78
Aglais urticae,111881,Lepidoptera,Nymphalidae,pacbio,374754303,20.3,2.47
Aglais urticae,111881,Lepidoptera,Nymphalidae,pacbio,374992441,25.34,2.66
Agonopterix ocellana,1594225,Lepidoptera,Depressariidae,hic-arima,903719397,59.98,0.58
Agonopterix ocellana,1594225,Lepidoptera,Depressariidae,hic-arima,887405018,69.85,0.75
Amblyteles armatorius,231887,Hymenoptera,Ichneumonidae,10x,243513838,28.03,0.97
Amblyteles armatorius,231887,Hymenoptera,Ichneumonidae,10x,244518823,30.08,1.03
Amblyteles armatorius,231887,Hymenoptera,Ichneumonidae,pacbio,214257394,16.8,1.06
Amblyteles armatorius,231887,Hymenoptera,Ichneumonidae,pacbio,215791507,20.04,1.15
Amphipyra tragopoginis,689058,Lepidoptera,Noctuidae,10x,870198787,42.86,3.27
Amphipyra tragopoginis,689058,Lepidoptera,Noctuidae,10x,872904853,51.45,3.61
Amphipyra tragopoginis,689058,Lepidoptera,Noctuidae,pacbio,803557788,40.36,3.25
Amphipyra tragopoginis,689058,Lepidoptera,Noctuidae,pacbio,802955802,48.87,3.49
Ancylus fluviatilis,153587,Hygrophila,Planorbidae,pacbio,609686,67.78,3.11
Ancylus fluviatilis,153587,Hygrophila,Planorbidae,pacbio,1943994,78.63,4.07
Ancylus fluviatilis,153587,Hygrophila,Planorbidae,hic-arima,1883244466,46.7,0.94
Ancylus fluviatilis,153587,Hygrophila,Planorbidae,hic-arima,1908630639,55.89,1.27
Andrena cineraria,465493,Hymenoptera,Andrenidae,hic-arima,668112577,83.28,3.04
Andrena haemorrhoa,444401,Hymenoptera,Andrenidae,10x,343677347,33.4,0.35
Andrena haemorrhoa,444401,Hymenoptera,Andrenidae,10x,338190209,35.89,0.37
Andrena haemorrhoa,444401,Hymenoptera,Andrenidae,pacbio,309732035,25.4,0.32
Andrena haemorrhoa,444401,Hymenoptera,Andrenidae,pacbio,306409861,28.76,0.34
Anisus vortex,271030,Hygrophila,Planorbidae,10x,1236209119,57.62,1.55
Anisus vortex,271030,Hygrophila,Planorbidae,10x,1246536476,62.95,1.79
Anisus vortex,271030,Hygrophila,Planorbidae,pacbio,764363125,39.68,2.03
Anisus vortex,271030,Hygrophila,Planorbidae,pacbio,773661786,47.06,2.47
Anomoia purmunda,103414,Diptera,Tephritidae,10x,734218602,40.74,1.77
Anomoia purmunda,103414,Diptera,Tephritidae,10x,749544705,46.74,2.2
Anomoia purmunda,103414,Diptera,Tephritidae,pacbio,645946805,28,1.61
Anomoia purmunda,103414,Diptera,Tephritidae,pacbio,658714474,35.98,1.98
Anthocharis cardamines,227532,Lepidoptera,Pieridae,10x,387480765,37.02,2.38
Anthocharis cardamines,227532,Lepidoptera,Pieridae,10x,391701215,43.41,2.65
Anthocharis cardamines,227532,Lepidoptera,Pieridae,10x,368973069,35.16,2.54
Anthocharis cardamines,227532,Lepidoptera,Pieridae,10x,372978342,41.75,2.84
Anthocharis cardamines,227532,Lepidoptera,Pieridae,pacbio,346732925,30.3,2.52
Anthocharis cardamines,227532,Lepidoptera,Pieridae,pacbio,346002674,36.52,2.81
Apatura iris,191396,Lepidoptera,Nymphalidae,10x,437746192,26.36,0.46
Apatura iris,191396,Lepidoptera,Nymphalidae,10x,441854534,33.22,0.52
Apatura iris,191396,Lepidoptera,Nymphalidae,pacbio,410244669,20.33,0.44
Apatura iris,191396,Lepidoptera,Nymphalidae,pacbio,410247614,27.31,0.48
Aphantopus hyperantus,111886,Lepidoptera,Nymphalidae,10x,455063237,37.73,0.72
Aphantopus hyperantus,111886,Lepidoptera,Nymphalidae,10x,460941753,45.51,0.78
Apoderus coryli,201766,Coleoptera,Attelabidae,10x,447812545,44.78,1.14
Apoderus coryli,201766,Coleoptera,Attelabidae,10x,447140923,51.71,1.37
Apoderus coryli,201766,Coleoptera,Attelabidae,pacbio,419006144,40,1.02
Apoderus coryli,201766,Coleoptera,Attelabidae,pacbio,418405567,47.98,1.22
Aporia crataegi,129397,Lepidoptera,Pieridae,10x,243321664,18.72,0.87
Aporia crataegi,129397,Lepidoptera,Pieridae,10x,244417666,22.63,0.92
Aporia crataegi,129397,Lepidoptera,Pieridae,pacbio,233565837,13.02,0.81
Aporia crataegi,129397,Lepidoptera,Pieridae,pacbio,233780060,17.69,0.85
Aporrectodea caliginosa,302032,Haplotaxida,Lumbricidae,10x,1318984410,46.82,1.49
Aporrectodea caliginosa,302032,Haplotaxida,Lumbricidae,10x,1337551896,54.13,1.85
Apotomis turbidana,1100916,Lepidoptera,Tortricidae,10x,817072686,48.46,0.66
Apotomis turbidana,1100916,Lepidoptera,Tortricidae,10x,812652501,54.03,0.71
Apotomis turbidana,1100916,Lepidoptera,Tortricidae,pacbio,727854695,41.27,0.62
Apotomis turbidana,1100916,Lepidoptera,Tortricidae,pacbio,725860042,48.04,0.66
Araneus diadematus,45920,Chelicerata,Araneidae,10x,2552894931,39.36,2.41
Araneus diadematus,45920,Chelicerata,Araneidae,10x,2548501280,50.02,2.7
Araneus diadematus,45920,Chelicerata,Araneidae,pacbio,23980622,78.34,3.99
Argynnis aglaja,405010,Lepidoptera,Nymphalidae,10x,495769612,33.69,2.02
Argynnis aglaja,405010,Lepidoptera,Nymphalidae,10x,503669725,41.85,2.16
Argyresthia brockeella,1178059,Lepidoptera,Argyresthiidae,10x,1055488857,49.77,0.99
Argyresthia brockeella,1178059,Lepidoptera,Argyresthiidae,10x,1065618290,58.48,1.1
Argyresthia goedartella,572725,Lepidoptera,Argyresthiidae,10x,1190577226,57.38,1.13
Argyresthia goedartella,572725,Lepidoptera,Argyresthiidae,10x,1190827404,64.55,1.28
Argyresthia goedartella,572725,Lepidoptera,Argyresthiidae,pacbio,1129086843,54.39,1.04
Argyresthia goedartella,572725,Lepidoptera,Argyresthiidae,pacbio,1126681074,62.14,1.16
Aricia agestis,91739,Lepidoptera,Lycanidae,10x,474306508,40.32,1.55
Aricia agestis,91739,Lepidoptera,Lycanidae,10x,477836166,47.1,1.62
Aricia agestis,91739,Lepidoptera,Lycanidae,pacbio,434946084,32.92,1.53
Aricia agestis,91739,Lepidoptera,Lycanidae,pacbio,436167547,40.35,1.6
Aricia artaxerxes,91738,Lepidoptera,Lycanidae,10x,457460456,38.35,1.57
Aricia artaxerxes,91738,Lepidoptera,Lycanidae,10x,461370515,45.61,1.63
Aricia artaxerxes,91738,Lepidoptera,Lycanidae,pacbio,433376239,33.12,1.53
Aricia artaxerxes,91738,Lepidoptera,Lycanidae,pacbio,434274538,40.56,1.6
Atethmia centrago,988071,Lepidoptera,Noctuidae,10x,970694400,42.1,0.17
Atethmia centrago,988071,Lepidoptera,Noctuidae,10x,976468370,51.58,0.18
Atethmia centrago,988071,Lepidoptera,Noctuidae,pacbio,934441037,39.18,0.19
Atethmia centrago,988071,Lepidoptera,Noctuidae,pacbio,932361127,48.84,0.21
Athalia rosae,37344,Hymenoptera,Tenthredinidae,10x,179810486,20.71,0.94
Athalia rosae,37344,Hymenoptera,Tenthredinidae,10x,182125193,22.01,0.98
Athalia rosae,37344,Hymenoptera,Tenthredinidae,pacbio,158454037,12.06,1.12
Athalia rosae,37344,Hymenoptera,Tenthredinidae,pacbio,159455577,13.47,1.26
Autographa gamma,254363,Lepidoptera,Noctuidae,10x,362515062,25.93,3.55
Autographa gamma,254363,Lepidoptera,Noctuidae,10x,364787815,28.45,4.1
Autographa gamma,254363,Lepidoptera,Noctuidae,pacbio,361497636,21.81,3.19
Autographa gamma,254363,Lepidoptera,Noctuidae,pacbio,361108834,23.88,3.63
Autographa pulchrina,987893,Lepidoptera,Noctuidae,pacbio,383409243,25.86,2.06
Autographa pulchrina,987893,Lepidoptera,Noctuidae,pacbio,386024319,28.43,2.31
Baccha elongata,226178,Diptera,Syrphidae,10x,614909252,54.14,1.62
Baccha elongata,226178,Diptera,Syrphidae,10x,618522251,58.41,1.99
Baccha elongata,226178,Diptera,Syrphidae,pacbio,571132928,40.62,1.33
Baccha elongata,226178,Diptera,Syrphidae,pacbio,571476295,47.06,1.54
Batrachedra praeangusta,347710,Lepidoptera,Batrachedridae,10x,551363256,45.99,1.25
Batrachedra praeangusta,347710,Lepidoptera,Batrachedridae,10x,547394090,50.61,1.36
Batrachedra praeangusta,347710,Lepidoptera,Batrachedridae,pacbio,482977060,37.17,1.19
Batrachedra praeangusta,347710,Lepidoptera,Batrachedridae,pacbio,481883005,42.94,1.29
Bibio marci,189979,Diptera,Bibionidae,10x,335418231,17.52,1.38
Bibio marci,189979,Diptera,Bibionidae,10x,339484511,27.13,1.44
Bibio marci,189979,Diptera,Bibionidae,pacbio,326031276,15.65,1.18
Bibio marci,189979,Diptera,Bibionidae,pacbio,327257375,25.17,1.24
Bithynia leachii,2722873,Littorinimorpha,Bithyniidae,hic-arima,1778475961,110.18,0.65
Blastobasis adustella,1869501,Lepidoptera,Blastobasidae,10x,567869919,32.44,1.54
Blastobasis adustella,1869501,Lepidoptera,Blastobasidae,10x,575621905,40.67,1.72
Blastobasis adustella,1869501,Lepidoptera,Blastobasidae,pacbio,539270598,27.08,1.44
Blastobasis adustella,1869501,Lepidoptera,Blastobasidae,pacbio,539936331,35.14,1.62
Blastobasis lacticolella,2561016,Lepidoptera,Blastobasidae,10x,656667519,38.3,2.64
Blastobasis lacticolella,2561016,Lepidoptera,Blastobasidae,10x,661367225,45.62,2.92
Blastobasis lacticolella,2561016,Lepidoptera,Blastobasidae,pacbio,587969902,30.87,2.51
Blastobasis lacticolella,2561016,Lepidoptera,Blastobasidae,pacbio,587815039,38.67,2.77
Boloria selene,191398,Lepidoptera,Nymphalidae,10x,414308717,33.9,1.65
Boloria selene,191398,Lepidoptera,Nymphalidae,10x,420846266,39.75,1.87
Boloria selene,191398,Lepidoptera,Nymphalidae,pacbio,376443668,26.41,1.62
Boloria selene,191398,Lepidoptera,Nymphalidae,pacbio,376670810,31.96,1.83
Boloria selene,191398,Lepidoptera,Nymphalidae,10x,385617980,28.6,1.68
Boloria selene,191398,Lepidoptera,Nymphalidae,10x,389304121,34.21,1.87
Bombus campestris,207624,Hymenoptera,Apidae,hic-arima2,270681501,16.83,0.09
Bombus campestris,207624,Hymenoptera,Apidae,hic-arima2,268495004,18.17,0.13
Bombus campestris,207624,Hymenoptera,Apidae,10x,314285872,27.81,0.04
Bombus campestris,207624,Hymenoptera,Apidae,10x,311259382,28.78,0.04
Bombus campestris,207624,Hymenoptera,Apidae,pacbio,272488951,15.93,0.01
Bombus campestris,207624,Hymenoptera,Apidae,pacbio,271334363,17.63,0.01
Bombus hortorum,85660,Hymenoptera,Apidae,10x,398254320,42.13,0.05
Bombus hortorum,85660,Hymenoptera,Apidae,10x,384661789,41.67,0.06
Bombus hortorum,85660,Hymenoptera,Apidae,pacbio,320571920,28.26,0.01
Bombus hortorum,85660,Hymenoptera,Apidae,pacbio,317165415,29.25,0.01
Bombus hortorum,85660,Hymenoptera,Apidae,hic-arima,395670437,72.18,0.76
Bombus hortorum,85660,Hymenoptera,Apidae,hic-arima,402596161,69.38,0.71
Bombus hypnorum,30191,Hymenoptera,Apidae,pacbio,331943830,29.22,0.03
Bombus hypnorum,30191,Hymenoptera,Apidae,pacbio,331142303,31.26,0.02
Bombus pascuorum,65598,Hymenoptera,Apidae,hic-arima2,282076577,22.26,0.95
Bombus pascuorum,65598,Hymenoptera,Apidae,hic-arima2,278836977,22.81,1.06
Bombus pascuorum,65598,Hymenoptera,Apidae,10x,428430240,46.66,0.46
Bombus pascuorum,65598,Hymenoptera,Apidae,10x,408085822,45.2,0.48
Bombus pascuorum,65598,Hymenoptera,Apidae,pacbio,367072890,36.88,0.42
Bombus pascuorum,65598,Hymenoptera,Apidae,pacbio,359934329,37.28,0.42
Bombus pratorum,30194,Hymenoptera,Apidae,10x,435130642,46.15,0.36
Bombus pratorum,30194,Hymenoptera,Apidae,10x,419946251,45.8,0.37
Bombus pratorum,30194,Hymenoptera,Apidae,pacbio,338640390,31.13,0.31
Bombus pratorum,30194,Hymenoptera,Apidae,pacbio,335988728,32.56,0.31
Bombus rupestris,30200,Hymenoptera,Apidae,10x,433247477,46.45,0.06
Bombus rupestris,30200,Hymenoptera,Apidae,10x,406335288,44.35,0.07
Bombus sylvestris,30201,Hymenoptera,Apidae,pacbio,286553763,20.53,0.02
Bombus sylvestris,30201,Hymenoptera,Apidae,pacbio,282844827,21.74,0.01
Bombus terrestris,30195,Hymenoptera,Apidae,hic-arima2,362919752,37.97,0.78
Bombus terrestris,30195,Hymenoptera,Apidae,hic-arima2,356192856,38.41,0.86
Bombus terrestris,30195,Hymenoptera,Apidae,10x,551633263,57.22,0.37
Bombus terrestris,30195,Hymenoptera,Apidae,10x,507182076,54.84,0.39
Bombus terrestris,30195,Hymenoptera,Apidae,pacbio,399755991,41.74,0.31
Bombus terrestris,30195,Hymenoptera,Apidae,pacbio,384292730,41.14,0.31
Bombylius discolor,2741128,Diptera,Bombyliidae,pacbio,288930374,27.94,0.34
Bombylius discolor,2741128,Diptera,Bombyliidae,pacbio,286331049,36.79,0.3
Bombylius major,240869,Diptera,Bombyliidae,pacbio,282914071,27.99,0.94
Bombylius major,240869,Diptera,Bombyliidae,pacbio,281206753,37.03,0.99
Brachyptera risi,446425,Plecoptera,Taeniopterygidae,10x,739593525,46.7,1.61
Brachyptera risi,446425,Plecoptera,Taeniopterygidae,10x,756311966,52.94,1.93
Brachyptera risi,446425,Plecoptera,Taeniopterygidae,hic-arima,512317861,32.81,3.54
Brachyptera risi,446425,Plecoptera,Taeniopterygidae,hic-arima,933978251,67.28,0.63
Callophrys rubi,242269,Lepidoptera,Lycaenidae,10x,899661437,36.9,2.16
Callophrys rubi,242269,Lepidoptera,Lycaenidae,10x,906222064,43.91,2.36
Callophrys rubi,242269,Lepidoptera,Lycaenidae,pacbio,856618739,32.87,2
Callophrys rubi,242269,Lepidoptera,Lycaenidae,pacbio,858450939,40.23,2.23
Calvadosia cruxmelitensis,1843192,Gigartinales,Kishinouyeidae,pacbio,255643289,31.53,0.62
Calvadosia cruxmelitensis,1843192,Gigartinales,Kishinouyeidae,pacbio,255733340,37.91,0.7
Canis lupus orion,2605939,Carnivora,Canidae,10x,2256417385,16.64,0.55
Canis lupus orion,2605939,Carnivora,Canidae,10x,2269756448,23.48,0.7
Canis lupus orion,2605939,Carnivora,Canidae,pacbio,2310164133,11,0.32
Canis lupus orion,2605939,Carnivora,Canidae,pacbio,2302689152,17.75,0.37
Canis lupus orion,2605939,Carnivora,Canidae,illumina,2296757634,10.95,0.36
Canis lupus orion,2605939,Carnivora,Canidae,illumina,2293888983,17.89,0.44
Canis lupus orion,2605939,Carnivora,Canidae,hic-dovetail,1443061277,56.42,1.68
Canis lupus orion,2605939,Carnivora,Canidae,hic-dovetail,1409358577,55.17,2.45
Cantharis nigricans,1553175,Coleoptera,Cantharidae,hic-arima,1737925981,44.7,3.18
Cantharis nigricans,1553175,Coleoptera,Cantharidae,hic-arima,1722388029,53.32,3.61
Cantharis rufa,350087,Coleoptera,Cantharidae,10x,418401530,46.38,1.26
Cantharis rufa,350087,Coleoptera,Cantharidae,10x,415401633,50.46,1.42
Cantharis rufa,350087,Coleoptera,Cantharidae,pacbio,384293537,41.12,1.26
Cantharis rufa,350087,Coleoptera,Cantharidae,pacbio,382569183,45.91,1.42
Cantharis rustica,195172,Coleoptera,Cantharidae,10x,445772829,39.76,0.92
Cantharis rustica,195172,Coleoptera,Cantharidae,10x,438112060,44.58,1.05
Cantharis rustica,195172,Coleoptera,Cantharidae,pacbio,409839475,36.04,0.95
Cantharis rustica,195172,Coleoptera,Cantharidae,pacbio,400895497,41.49,1.13
Caprimulgus europaeus,111811,Caprimulgiformes,Caprimulgidae,10x,1183056838,13.18,1.29
Caprimulgus europaeus,111811,Caprimulgiformes,Caprimulgidae,10x,1188914454,15.36,1.39
Carcina quercana,116121,Lepidoptera,Peleopodidae,10x,431662650,26.65,0.67
Carcina quercana,116121,Lepidoptera,Peleopodidae,10x,434392350,32.21,0.76
Carcina quercana,116121,Lepidoptera,Peleopodidae,pacbio,399413722,19.28,0.67
Carcina quercana,116121,Lepidoptera,Peleopodidae,pacbio,399450101,25.17,0.76
Celastrina argiolus,203782,Lepidoptera,Lycaenidae,10x,516341294,43.46,1.43
Celastrina argiolus,203782,Lepidoptera,Lycaenidae,10x,518518251,49.6,1.59
Celastrina argiolus,203782,Lepidoptera,Lycaenidae,pacbio,485000517,37.66,1.37
Celastrina argiolus,203782,Lepidoptera,Lycaenidae,pacbio,485917306,44.63,1.52
Centrotus cornutus,1585357,Hemiptera,Membracidae,hic-arima,3010015317,65.02,2.04
Cepaea nemoralis,28835,Stylommatophora,Helicidae,10x,5916259224,75.81,1.7
Cepaea nemoralis,28835,Stylommatophora,Helicidae,10x,5854871896,81.09,2.01
Cerastoderma edule,55710,Veneroida,Cardiidae,10x,949931401,42.79,2.13
Cerastoderma edule,55710,Veneroida,Cardiidae,10x,964335806,49.65,2.35
Cercopis vulnerata,279269,Hemiptera,Cercopidae,10x,1081246241,45.75,0.54
Cercopis vulnerata,279269,Hemiptera,Cercopidae,10x,1082213703,51.53,0.67
Cercopis vulnerata,279269,Hemiptera,Cercopidae,pacbio,4188184,70.98,1.97
Cercopis vulnerata,279269,Hemiptera,Cercopidae,pacbio,5683539,75.38,3.26
Cercopis vulnerata,279269,Hemiptera,Cercopidae,hic-arima,814193104,29.34,0.41
Cervus elaphus,9860,Artiodactyla,Cervidae,10x,3055972534,30.71,0.3
Cervus elaphus,9860,Artiodactyla,Cervidae,10x,3031458027,37.25,0.3
Cervus elaphus,9860,Artiodactyla,Cervidae,pacbio,2873266798,26.12,0.3
Cervus elaphus,9860,Artiodactyla,Cervidae,pacbio,2820039221,32.61,0.29
Cheilosia soror,368781,Diptera,Syrphidae,10x,497962157,35.72,1.39
Cheilosia soror,368781,Diptera,Syrphidae,10x,501987648,42.39,1.57
Chilocorus renipustulatus,115342,Coleoptera,Coccinellidae,pacbio,1603415993,51.94,2.23
Chilocorus renipustulatus,115342,Coleoptera,Coccinellidae,pacbio,1489293377,60.71,2.49
Chloromyia formosa,343672,Diptera,Stratiomyidae,10x,992354090,54.35,1.15
Chloromyia formosa,343672,Diptera,Stratiomyidae,10x,974115814,61,1.29
Chloromyia formosa,343672,Diptera,Stratiomyidae,pacbio,40975596,84.24,2.58
Chloromyia formosa,343672,Diptera,Stratiomyidae,pacbio,50894574,85.67,3.93
Choerades marginatus,2746506,Diptera,Asilidae,10x,927205931,44.51,1.33
Choerades marginatus,2746506,Diptera,Asilidae,10x,914218639,52.03,1.68
Choerades marginatus,2746506,Diptera,Asilidae,pacbio,1008,84.23,1.03
Choerades marginatus,2746506,Diptera,Asilidae,pacbio,1098,92.53,4.3
Chorthippus brunneus,116142,Orthoptera,Acrididae,pacbio,16731445553,71.26,0.3
Chorthippus brunneus,116142,Orthoptera,Acrididae,pacbio,8210440294,73.9,5.25
Chorthippus parallelus,37639,Orthoptera,Acrididae,10x,10082665045,66.8,2.96
Chorthippus parallelus,37639,Orthoptera,Acrididae,10x,10017757247,75.12,3.45
Chorthippus parallelus,37639,Orthoptera,Acrididae,pacbio,8862631497,64.57,3.21
Chorthippus parallelus,37639,Orthoptera,Acrididae,pacbio,8924735666,73.56,3.83
Chrysolina oricalcia,1587174,Coleoptera,Chrysomelidae,10x,1480736293,51.32,0.23
Chrysolina oricalcia,1587174,Coleoptera,Chrysomelidae,10x,1487120821,61.44,0.31
Chrysolina oricalcia,1587174,Coleoptera,Chrysomelidae,pacbio,1495641011,51.09,0.15
Chrysolina oricalcia,1587174,Coleoptera,Chrysomelidae,pacbio,1455215176,60.3,0.21
Chrysoperla carnea,189513,Neuroptera,Chrysopidae,hic-arima2,554491533,34.33,3.68
Chrysoperla carnea,189513,Neuroptera,Chrysopidae,hic-arima2,526667551,35.22,3.94
Chrysoperla carnea,189513,Neuroptera,Chrysopidae,10x,588506977,26.86,2.32
Chrysoperla carnea,189513,Neuroptera,Chrysopidae,10x,585542396,35.01,2.48
Chrysoperla carnea,189513,Neuroptera,Chrysopidae,pacbio,568253289,21.46,2.2
Chrysoperla carnea,189513,Neuroptera,Chrysopidae,pacbio,569099535,30.29,2.36
Chrysotila carterae,13221,Syracosphaerales,Syracosphaeraceae,10x,604964449,64.64,1.07
Chrysotila carterae,13221,Syracosphaerales,Syracosphaeraceae,10x,638579250,70.22,1.39
Chrysotoxum bicinctum,323313,Diptera,Syrphidae,10x,949188823,50.65,2.52
Chrysotoxum bicinctum,323313,Diptera,Syrphidae,10x,931274944,56.72,2.85
Chrysotoxum bicinctum,323313,Diptera,Syrphidae,pacbio,104803020,82.29,2.64
Chrysotoxum bicinctum,323313,Diptera,Syrphidae,pacbio,887866600,54.24,2.74
Chrysotoxum verralli,2714347,Diptera,Syrphidae,10x,1059247142,50.66,0.92
Chrysotoxum verralli,2714347,Diptera,Syrphidae,10x,1070039478,58.28,1.01
Chrysotoxum verralli,2714347,Diptera,Syrphidae,pacbio,994478708,47.06,0.84
Chrysotoxum verralli,2714347,Diptera,Syrphidae,pacbio,994494652,55.34,0.93
Cloeon dipterum,197152,Ephemeroptera,Baetidae,10x,192025988,17.31,0.86
Cloeon dipterum,197152,Ephemeroptera,Baetidae,10x,192553939,18.89,0.97
Cloeon dipterum,197152,Ephemeroptera,Baetidae,pacbio,178358878,9.79,0.91
Cloeon dipterum,197152,Ephemeroptera,Baetidae,pacbio,178474910,11.62,1.04
Clostera curtula,987902,Lepidoptera,Notodontidae,pacbio,504795617,34.17,1.15
Clostera curtula,987902,Lepidoptera,Notodontidae,pacbio,504957637,41.62,1.31
Clubiona reclusa,1871940,Chelicerata,Clubionidae,10x,921777489,36.02,1.92
Clubiona reclusa,1871940,Chelicerata,Clubionidae,10x,917401557,42.11,2.11
Clubiona reclusa,1871940,Chelicerata,Clubionidae,pacbio,859199788,30.55,2.01
Clubiona reclusa,1871940,Chelicerata,Clubionidae,pacbio,869112746,38.71,2.2
Coccinella septempunctata,41139,Coleoptera,Coccinellidae,10x,445199033,48.4,2.71
Coccinella septempunctata,41139,Coleoptera,Coccinellidae,10x,444002105,53.98,3.07
Coenonympha pamphilus,242262,Lepidoptera,Nymphalidae,hic-qiagen,571969849,84.43,2.12
Coenonympha pamphilus,242262,Lepidoptera,Nymphalidae,hic-qiagen,656422249,87.07,3.08
Coenonympha pamphilus,242262,Lepidoptera,Nymphalidae,10x,552976191,49.71,2.18
Coenonympha pamphilus,242262,Lepidoptera,Nymphalidae,10x,558590460,54.25,2.52
Coenonympha tullia,132697,Lepidoptera,Nymphalidae,10x,530036644,48.58,2.13
Coenonympha tullia,132697,Lepidoptera,Nymphalidae,10x,533644805,52.89,2.43
Coenonympha tullia,132697,Lepidoptera,Nymphalidae,pacbio,37796455,86.26,2.37
Coenonympha tullia,132697,Lepidoptera,Nymphalidae,pacbio,43915423,88.06,3.48
Colias crocea,72248,Lepidoptera,Pieridae,10x,338580255,34.11,2.1
Colias crocea,72248,Lepidoptera,Pieridae,10x,338635900,36.92,2.35
Colias crocea,72248,Lepidoptera,Pieridae,pacbio,325292143,30.03,1.92
Colias crocea,72248,Lepidoptera,Pieridae,pacbio,325345661,33.37,2.12
Colostygia pectinataria,934931,Lepidoptera,Geometridae,pacbio,347657777,21.79,0.67
Colostygia pectinataria,934931,Lepidoptera,Geometridae,pacbio,347985800,28.77,0.7
Colostygia pectinataria,934931,Lepidoptera,Geometridae,10x,363037761,27.11,0.71
Colostygia pectinataria,934931,Lepidoptera,Geometridae,10x,363279181,33.33,0.74
Colpoda steinii,63136,Colpodida,Colpodidae,pacbio,13921364,1.16,1.17
Colpoda steinii,63136,Colpodida,Colpodidae,pacbio,14116208,1.86,1.78
Coreus marginatus,1545300,Hemiptera,Coreidae,hic-arima,1970075504,62.46,3.68
Coreus marginatus,1545300,Hemiptera,Coreidae,hic-arima,1952130135,70.51,4.06
Corixa punctata,1545103,Hemiptera,Corixidae,hic-arima,1567045571,65.25,1.13
Corixa punctata,1545103,Hemiptera,Corixidae,hic-arima,1949594341,72.94,0.29
Corizus hyoscyami,1511259,Hemiptera,Rhopalidae,10x,1551314994,43.38,2.85
Corizus hyoscyami,1511259,Hemiptera,Rhopalidae,10x,1570515932,53.44,3.18
Corizus hyoscyami,1511259,Hemiptera,Rhopalidae,pacbio,48299640,79.89,1.29
Corizus hyoscyami,1511259,Hemiptera,Rhopalidae,pacbio,62605500,81.06,2.28
Cosmia trapezina,116126,Lepidoptera,Noctuidae,10x,851510731,48.92,1.27
Cosmia trapezina,116126,Lepidoptera,Noctuidae,10x,862091044,56.4,1.37
Cosmia trapezina,116126,Lepidoptera,Noctuidae,pacbio,825684772,45.65,1.16
Cosmia trapezina,116126,Lepidoptera,Noctuidae,pacbio,823069094,53.53,1.22
Crambus lathoniellus,1100958,Lepidoptera,Crambidae,10x,1042020344,65.64,1.69
Craniophora ligustri,938226,Lepidoptera,Noctuidae,10x,419853330,25.22,0.51
Craniophora ligustri,938226,Lepidoptera,Noctuidae,10x,424123462,30.43,0.65
Craniophora ligustri,938226,Lepidoptera,Noctuidae,pacbio,422253038,20.18,0.36
Craniophora ligustri,938226,Lepidoptera,Noctuidae,pacbio,421676237,25.14,0.43
Cupido minimus,596548,Lepidoptera,Lycanidae,10x,429797336,49.31,2.15
Cupido minimus,596548,Lepidoptera,Lycanidae,10x,747657023,77.51,0.79
Cupido minimus,596548,Lepidoptera,Lycanidae,pacbio,466329733,38.9,1.29
Cupido minimus,596548,Lepidoptera,Lycanidae,pacbio,466360057,45.21,1.35
Cyaniris semiargus,988025,Lepidoptera,Lycanidae,10x,463134282,39.46,1.2
Cyaniris semiargus,988025,Lepidoptera,Lycanidae,10x,467674856,46.58,1.23
Cyaniris semiargus,988025,Lepidoptera,Lycanidae,pacbio,433945762,33.27,1.18
Cyaniris semiargus,988025,Lepidoptera,Lycanidae,pacbio,435642391,40.95,1.23
Dasysyrphus tricinctus,1244581,Diptera,Syrphidae,10x,1105026403,56.28,2.83
Dasysyrphus tricinctus,1244581,Diptera,Syrphidae,10x,1100073623,63.38,3.19
Deilephila elpenor,283834,Lepidoptera,Sphingidae,10x,420668486,23.99,0.58
Deilephila elpenor,283834,Lepidoptera,Sphingidae,10x,423658493,27.89,0.66
Deilephila porcellus,644661,Lepidoptera,Sphingidae,pacbio,398120342,19.83,2.11
Deilephila porcellus,644661,Lepidoptera,Sphingidae,pacbio,396627071,23.04,2.29
Diaea dorsata,1582074,Chelicerata,Thomisidae,10x,3338010694,55.84,0.33
Diaea dorsata,1582074,Chelicerata,Thomisidae,10x,3385100615,62.24,0.92
Dinocras cephalotes,441509,Plecoptera,Perlidae,10x,2047276342,61.34,1.77
Dioctria rufipes,468723,Diptera,Asilidae,hic-arima,1667364408,68.8,3.03
Dioctria rufipes,468723,Diptera,Asilidae,hic-arima,1587330001,71.76,3.42
Dolichovespula media,881891,Hymenoptera,Vespidae,10x,307371978,43.89,0.38
Dolichovespula media,881891,Hymenoptera,Vespidae,10x,291227070,44.53,0.4
Dolichovespula media,881891,Hymenoptera,Vespidae,pacbio,219434128,25.23,0.68
Dolichovespula media,881891,Hymenoptera,Vespidae,pacbio,215345176,28.92,0.82
Dolichovespula saxonica,85443,Hymenoptera,Vespidae,10x,294490750,41.39,0.24
Dolichovespula saxonica,85443,Hymenoptera,Vespidae,10x,294732444,45.43,0.27
Dolichovespula saxonica,85443,Hymenoptera,Vespidae,pacbio,214096797,23.03,0.47
Dolichovespula saxonica,85443,Hymenoptera,Vespidae,pacbio,211925866,28.32,0.62
Dolycoris baccarum,387771,Hemiptera,Pentatomidae,10x,883748146,30.86,2.88
Dolycoris baccarum,387771,Hemiptera,Pentatomidae,10x,888997569,38.55,3.17
Dolycoris baccarum,387771,Hemiptera,Pentatomidae,pacbio,70120637,75.08,4.48
Drepanepteryx phalaenoides,560898,Neuroptera,Hemerobiidae,10x,944045796,53.06,1.43
Drepanepteryx phalaenoides,560898,Neuroptera,Hemerobiidae,10x,914629230,60.41,1.59
Dromius quadrimaculatus,346772,Coleoptera,Carabidae,10x,891417480,50.12,2.28
Dromius quadrimaculatus,346772,Coleoptera,Carabidae,10x,877994202,56.98,2.68
Dromius quadrimaculatus,346772,Coleoptera,Carabidae,pacbio,792495815,43.17,2.14
Dromius quadrimaculatus,346772,Coleoptera,Carabidae,pacbio,791670824,51.97,2.5
Ecdyonurus torrentis,2014018,Ephemeroptera,Heptageniidae,10x,490235257,30.69,1.25
Ecdyonurus torrentis,2014018,Ephemeroptera,Heptageniidae,10x,501476142,37.31,1.34
Ecdyonurus torrentis,2014018,Ephemeroptera,Heptageniidae,pacbio,350561109,22.56,2.42
Ecdyonurus torrentis,2014018,Ephemeroptera,Heptageniidae,pacbio,359553689,30.32,3.1
Echinus esculentus,7648,Echinoida,Echinidae,10x,1216767905,58.02,1.41
Echinus esculentus,7648,Echinoida,Echinidae,10x,1264767302,64.68,1.65
Ectemnius continuus,1126389,Hymenoptera,Crabonidae,10x,297024320,39.53,1.06
Ectemnius continuus,1126389,Hymenoptera,Crabonidae,pacbio,243942565,25.65,0.89
Ectemnius continuus,1126389,Hymenoptera,Crabonidae,pacbio,240521124,26.69,0.94
Ectemnius lituratus,2495015,Hymenoptera,Crabonidae,10x,261983979,34.08,0.06
Ectemnius lituratus,2495015,Hymenoptera,Crabonidae,10x,248841686,32.14,0.07
Ectemnius lituratus,2495015,Hymenoptera,Crabonidae,pacbio,216785167,23.87,0.11
Ectemnius lituratus,2495015,Hymenoptera,Crabonidae,pacbio,210571816,23.35,0.16
Eilema griseola,987420,Lepidoptera,Erebidae,10x,932356604,52.16,1.35
Eilema griseola,987420,Lepidoptera,Erebidae,10x,935933934,58.1,1.58
Eilema griseola,987420,Lepidoptera,Erebidae,pacbio,925185161,50.59,1.22
Eilema griseola,987420,Lepidoptera,Erebidae,pacbio,922720891,56.47,1.42
Eimeria tenella,413949,Eucoccidiorida,Eimeriidae,hic-arima,17382066,25.59,3.69
Eimeria tenella,413949,Eucoccidiorida,Eimeriidae,hic-arima,32002219,52.91,1.9
Eisenia fetida,6396,Haplotaxida,Lumbricidae,10x,1593735087,53.61,2.02
Eisenia fetida,6396,Haplotaxida,Lumbricidae,10x,1604444363,61.08,2.37
Empis tessellata,1446181,Diptera,Empididae,10x,378871252,54.62,0.89
Empis tessellata,1446181,Diptera,Empididae,10x,358769757,54.84,0.94
Enallagma cyathigerum,79468,Odonata,Coenagrionidae,10x,1902688511,32.4,1.32
Enallagma cyathigerum,79468,Odonata,Coenagrionidae,10x,1926273835,38.33,1.46
Endotricha flammealis,1101095,Lepidoptera,Pyralidae,10x,481769727,38.75,1.5
Endotricha flammealis,1101095,Lepidoptera,Pyralidae,10x,484909418,44.8,1.65
Endotricha flammealis,1101095,Lepidoptera,Pyralidae,pacbio,471784393,34.62,1.48
Endotricha flammealis,1101095,Lepidoptera,Pyralidae,pacbio,464914753,40.93,1.61
Ennomos fuscantaria,722662,Lepidoptera,Geometridae,10x,455907198,31.8,0.12
Ennomos fuscantaria,722662,Lepidoptera,Geometridae,10x,458551110,39.04,0.14
Ennomos fuscantaria,722662,Lepidoptera,Geometridae,pacbio,440498052,28.4,0.11
Ennomos fuscantaria,722662,Lepidoptera,Geometridae,pacbio,439438130,35.66,0.12
Ennomos fuscantaria,722662,Lepidoptera,Geometridae,hic-arima,687914720,87.01,0.58
Ennomos fuscantaria,722662,Lepidoptera,Geometridae,hic-arima,712784081,88.04,0.59
Epermenia falciformis,2561279,Lepidoptera,Epermeniidae,10x,564211771,44.63,0.58
Epermenia falciformis,2561279,Lepidoptera,Epermeniidae,10x,568695781,52.78,0.62
Episyrphus balteatus,286459,Diptera,Syrphidae,10x,580697814,50.67,2.19
Episyrphus balteatus,286459,Diptera,Syrphidae,10x,571207505,54.15,2.46
Episyrphus balteatus,286459,Diptera,Syrphidae,pacbio,533992966,39.77,2.06
Episyrphus balteatus,286459,Diptera,Syrphidae,pacbio,533246071,46.55,2.27
Erannis defoliaria,104474,Lepidoptera,Geometridae,10x,547061051,33.99,1.3
Erannis defoliaria,104474,Lepidoptera,Geometridae,10x,553219755,41.84,1.4
Erannis defoliaria,104474,Lepidoptera,Geometridae,pacbio,518410419,28.31,1.29
Erannis defoliaria,104474,Lepidoptera,Geometridae,pacbio,518694078,36.28,1.39
Erebia aethiops,447833,Lepidoptera,Nymphalidae,10x,472150260,36.57,0.98
Erebia aethiops,447833,Lepidoptera,Nymphalidae,10x,476707404,43.96,1.12
Erebia epiphron,242257,Lepidoptera,Nymphalidae,10x,524974799,41.31,1.88
Erebia epiphron,242257,Lepidoptera,Nymphalidae,10x,532695310,48.26,2
Erebia epiphron,242257,Lepidoptera,Nymphalidae,pacbio,505151692,37.7,1.77
Erebia epiphron,242257,Lepidoptera,Nymphalidae,pacbio,505742054,44.36,1.88
Eristalis arbustorum,1124515,Diptera,Syrphidae,10x,495139971,35.55,2.34
Eristalis arbustorum,1124515,Diptera,Syrphidae,10x,485750510,38.09,2.68
Eristalis arbustorum,1124515,Diptera,Syrphidae,pacbio,458214195,29.36,2.19
Eristalis arbustorum,1124515,Diptera,Syrphidae,pacbio,468524095,33.26,2.56
Eristalis pertinax,1572519,Diptera,Syrphidae,10x,515651420,35.29,1.13
Eristalis pertinax,1572519,Diptera,Syrphidae,10x,509359038,39.1,1.23
Eristalis pertinax,1572519,Diptera,Syrphidae,pacbio,450567730,26.84,1.13
Eristalis pertinax,1572519,Diptera,Syrphidae,pacbio,452852738,32.18,1.27
Eristalis pertinax,1572519,Diptera,Syrphidae,hic-arima,525764273,51.87,1.24
Eristalis pertinax,1572519,Diptera,Syrphidae,hic-arima,545318622,63.26,1.33
Eristalis tenax,198635,Diptera,Syrphidae,10x,560353452,35.97,1.35
Eristalis tenax,198635,Diptera,Syrphidae,10x,547386551,39.24,1.48
Eristalis tenax,198635,Diptera,Syrphidae,pacbio,487687411,26.72,1.27
Eristalis tenax,198635,Diptera,Syrphidae,pacbio,487595133,31.88,1.4
Erpobdella octoculata,39305,Arhynchobdellida,Erpobdellidae,10x,427769675,47.23,1.15
Erpobdella octoculata,39305,Arhynchobdellida,Erpobdellidae,10x,423911471,52.44,1.32
Erpobdella octoculata,39305,Arhynchobdellida,Erpobdellidae,hic-arima,351009294,36.44,1.41
Erpobdella octoculata,39305,Arhynchobdellida,Erpobdellidae,hic-arima,354612134,42.92,1.51
Erynnis tages,520884,Lepidoptera,Hesperidae,10x,347438765,21.29,1.72
Erynnis tages,520884,Lepidoptera,Hesperidae,10x,349122469,25.56,1.83
Erynnis tages,520884,Lepidoptera,Hesperidae,pacbio,324722580,15.88,1.63
Erynnis tages,520884,Lepidoptera,Hesperidae,pacbio,327183650,19.76,1.75
Ethmia dodecea,1660634,Lepidoptera,Ethmiidae,10x,533291041,40.82,0.33
Ethmia dodecea,1660634,Lepidoptera,Ethmiidae,10x,540072025,47.83,0.38
Eudonia lacustrata,1100991,Lepidoptera,Crambidae,10x,752747246,41.36,0.48
Eudonia lacustrata,1100991,Lepidoptera,Crambidae,10x,759459746,49.53,0.49
Eupeodes corollae,290404,Diptera,Syrphidae,10x,1128165756,57.65,0.7
Eupeodes corollae,290404,Diptera,Syrphidae,10x,593100730,52.4,4.47
Eupeodes corollae,290404,Diptera,Syrphidae,pacbio,458726250,31.55,3.35
Eupeodes corollae,290404,Diptera,Syrphidae,pacbio,473320022,40.5,3.81
Eupeodes luniger,1124559,Diptera,Syrphidae,pacbio,1114193,74.59,2.93
Eupeodes luniger,1124559,Diptera,Syrphidae,pacbio,1541628,77.47,4.25
Euphydryas aurinia,104503,Lepidoptera,Nymphalidae,pacbio,43779757,78.73,1.75
Euphydryas aurinia,104503,Lepidoptera,Nymphalidae,pacbio,53495785,81.48,2.74
Eupithecia centaureata,934844,Lepidoptera,Geometridae,10x,490302592,40.98,2.91
Eupithecia centaureata,934844,Lepidoptera,Geometridae,10x,490766715,46.37,3.2
Eupithecia centaureata,934844,Lepidoptera,Geometridae,pacbio,466910394,39.29,2.74
Eupithecia centaureata,934844,Lepidoptera,Geometridae,pacbio,469150827,43.75,3.11
Euproctis similis,987935,Lepidoptera,Erebidae,10x,483907839,32.45,1.72
Euproctis similis,987935,Lepidoptera,Erebidae,qiagen,205282917,59.92,2.88
Euproctis similis,987935,Lepidoptera,Erebidae,qiagen,189201664,60.33,3.99
Euproctis similis,987935,Lepidoptera,Erebidae,pacbio,506318217,33.25,1.3
Euproctis similis,987935,Lepidoptera,Erebidae,pacbio,506165316,40.53,1.42
Euthrix potatoria,624169,Lepidoptera,Lasiocampidae,10x,526699795,32.41,0.49
Euthrix potatoria,624169,Lepidoptera,Lasiocampidae,10x,532253596,40.39,0.55
Euzophera pinguis,1366396,Lepidoptera,Pyralidae,10x,534317068,38.09,0.19
Euzophera pinguis,1366396,Lepidoptera,Pyralidae,10x,538249995,44.69,0.22
Fabriciana adippe,405009,Lepidoptera,Nymphalidae,10x,491982259,33.49,1.38
Fabriciana adippe,405009,Lepidoptera,Nymphalidae,10x,489055161,40.59,1.54
Fabriciana adippe,405009,Lepidoptera,Nymphalidae,pacbio,467700997,28.83,1.29
Fabriciana adippe,405009,Lepidoptera,Nymphalidae,pacbio,469516330,37.01,1.44
Fabriciana adippe,405009,Lepidoptera,Nymphalidae,hic-arima,682796719,59.04,0.69
Fabriciana adippe,405009,Lepidoptera,Nymphalidae,hic-arima,692656369,64.72,0.56
Ferdinandea cuprea,226145,Diptera,Syrphidae,10x,587681274,32.76,1.1
Ferdinandea cuprea,226145,Diptera,Syrphidae,10x,592342203,39.71,1.25
Ferdinandea cuprea,226145,Diptera,Syrphidae,pacbio,569485740,32.28,1.13
Forficula auricularia,13068,Dermaptera,Forficulidae,10x,1375518871,49.54,0.82
Forficula auricularia,13068,Dermaptera,Forficulidae,10x,1393062419,60.76,0.85
Gastrophysa viridula,154015,Coleoptera,Chrysomelidae,10x,406666974,32.65,0.64
Gastrophysa viridula,154015,Coleoptera,Chrysomelidae,10x,403174765,37.25,0.7
Gibbula umbilicalis,148342,Trochida,Trochidae,10x,1326156647,43.99,2.54
Gibbula umbilicalis,148342,Trochida,Trochidae,10x,1335427680,49.24,2.86
Gibbula umbilicalis,148342,Trochida,Trochidae,pacbio,1066963354,31.07,2.49
Gibbula umbilicalis,148342,Trochida,Trochidae,pacbio,1075498858,36.62,2.87
Glomeris marginata,62006,Glomerida,Glomeridae,10x,260805153,44.44,0.66
Glomeris marginata,62006,Glomerida,Glomeridae,10x,258242735,47.55,0.77
Glyphipterix simpliciella,1405621,Lepidoptera,Glyphipterigidae,10x,375175138,39.37,1.56
Glyphipterix simpliciella,1405621,Lepidoptera,Glyphipterigidae,10x,379611924,45.46,1.71
Glyphotaelius pellucidus,1271742,Trichoptera,Limnephilidae,pacbio,1024914230,28.28,0.63
Glyphotaelius pellucidus,1271742,Trichoptera,Limnephilidae,pacbio,1025777068,40.02,0.7
Glyphotaelius pellucidus,1271742,Trichoptera,Limnephilidae,hic-arima,1420539216,69.7,0.66
Glyphotaelius pellucidus,1271742,Trichoptera,Limnephilidae,hic-arima,1548253011,75.37,0.44
Gonocerus acuteangulatus,1545138,Hemiptera,Coreidae,10x,1276300623,50.57,0.99
Gonocerus acuteangulatus,1545138,Hemiptera,Coreidae,10x,1297072495,58.31,1.07
Gonocerus acuteangulatus,1545138,Hemiptera,Coreidae,pacbio,1079728503,41.09,0.91
Gonocerus acuteangulatus,1545138,Hemiptera,Coreidae,pacbio,1078945915,50.36,0.99
Gracillaria syringella,753336,Lepidoptera,Gracillariidae,10x,228746484,29.23,1.28
Gracillaria syringella,753336,Lepidoptera,Gracillariidae,10x,230501658,32.02,1.43
Grammoptera ruficornis,351486,Coleoptera,Cerambycidae,hic-arima2,1156437672,50.22,4.19
Grammoptera ruficornis,351486,Coleoptera,Cerambycidae,hic-arima2,1145347921,57.69,4.64
Grammoptera ruficornis,351486,Coleoptera,Cerambycidae,10x,1134063735,49.57,4.3
Grammoptera ruficornis,351486,Coleoptera,Cerambycidae,10x,1129868823,57.45,4.74
Grammoptera ruficornis,351486,Coleoptera,Cerambycidae,pacbio,1101555968,55.14,4.51
Gymnoscelis rufifasciata,934940,Lepidoptera,Geometridae,10x,451525607,34.95,2.47
Gymnoscelis rufifasciata,934940,Lepidoptera,Geometridae,10x,452977946,40.7,2.71
Gymnoscelis rufifasciata,934940,Lepidoptera,Geometridae,pacbio,449061686,29.63,2.29
Gymnoscelis rufifasciata,934940,Lepidoptera,Geometridae,pacbio,449941120,35.9,2.49
Halesus radiatus,1271722,Trichoptera,Limnephilidae,hic-arima,1740592063,70.76,0.25
Halesus radiatus,1271722,Trichoptera,Limnephilidae,hic-arima,910774679,35.99,1.83
Hamearis lucina,328891,Lepidoptera,Riodinidae,10x,641809501,34.76,0.42
Hamearis lucina,328891,Lepidoptera,Riodinidae,10x,648620248,44.46,0.48
Hamearis lucina,328891,Lepidoptera,Riodinidae,pacbio,16976012,74.62,1.63
Hamearis lucina,328891,Lepidoptera,Riodinidae,pacbio,22833495,77.79,2.61
Harmonia axyridis,115357,Coleoptera,Coccinellidae,10x,454058789,40.92,2.82
Harmonia axyridis,115357,Coleoptera,Coccinellidae,10x,451227180,47.43,3.2
Harmonia axyridis,115357,Coleoptera,Coccinellidae,pacbio,440590424,38.85,2.72
Harmonia axyridis,115357,Coleoptera,Coccinellidae,pacbio,436565938,45.33,3.08
Hedya salicella,1869985,Lepidoptera,Tortricidae,hic-arima2,605641063,27.94,1.47
Hedya salicella,1869985,Lepidoptera,Tortricidae,hic-arima2,704176193,33.78,0.86
Hedya salicella,1869985,Lepidoptera,Tortricidae,10x,782406154,31.78,0.39
Hedya salicella,1869985,Lepidoptera,Tortricidae,10x,788900657,41.67,0.41
Hedya salicella,1869985,Lepidoptera,Tortricidae,pacbio,750992249,28.04,0.4
Hedya salicella,1869985,Lepidoptera,Tortricidae,pacbio,750914843,38.07,0.42
Helcystogramma rufescens,1449015,Lepidoptera,Gelechiidae,10x,630956935,53.46,2.27
Helcystogramma rufescens,1449015,Lepidoptera,Gelechiidae,10x,633487155,58.34,2.53
Helophilus pendulus,226174,Diptera,Syrphidae,10x,476109495,35.95,2.27
Helophilus pendulus,226174,Diptera,Syrphidae,10x,465801647,38.13,2.63
Hemithea aestivaria,572857,Lepidoptera,Geometridae,10x,563866315,45.62,1.03
Hemithea aestivaria,572857,Lepidoptera,Geometridae,10x,571226201,51.02,1.22
Herminia tarsipennalis,987440,Lepidoptera,Erebidae,10x,814948825,36.3,2.04
Herminia tarsipennalis,987440,Lepidoptera,Erebidae,10x,820300838,44.48,2.29
Herminia tarsipennalis,987440,Lepidoptera,Erebidae,pacbio,793923845,34.49,1.96
Herminia tarsipennalis,987440,Lepidoptera,Erebidae,pacbio,791256291,42.54,2.2
Hesperia comma,291688,Lepidoptera,Hesperiidae,10x,538718093,37.04,1.93
Hesperia comma,291688,Lepidoptera,Hesperiidae,10x,546497795,41.88,2.13
Hesperia comma,291688,Lepidoptera,Hesperiidae,pacbio,506015824,32.37,1.88
Hesperia comma,291688,Lepidoptera,Hesperiidae,pacbio,500973377,36.63,2.04
Himacerus apterus,347976,Hemiptera,Nabidae,pacbio,271792618,86.02,2.82
Himacerus apterus,347976,Hemiptera,Nabidae,pacbio,332981452,88.18,4.27
Hofmannophila pseudospretella,572861,Lepidoptera,Oecophoridae,10x,428222566,30.33,1.78
Hofmannophila pseudospretella,572861,Lepidoptera,Oecophoridae,10x,431271378,38.05,1.87
Hydropsyche siltalai,599746,Trichoptera,Hydropsychidae,pacbio,266469280,5.37,0.05
Hydropsyche siltalai,599746,Trichoptera,Hydropsychidae,pacbio,266294328,12.26,0.07
Hylaea fasciaria,722673,Lepidoptera,Geometridae,hic-arima2,530095001,83.4,0.75
Hylaea fasciaria,722673,Lepidoptera,Geometridae,hic-arima2,584566939,88.85,0.64
Hylaea fasciaria,722673,Lepidoptera,Geometridae,10x,378244570,33.67,0.79
Hylaea fasciaria,722673,Lepidoptera,Geometridae,10x,388570362,38.26,0.88
Hylaea fasciaria,722673,Lepidoptera,Geometridae,pacbio,330435527,24.14,0.72
Hylaea fasciaria,722673,Lepidoptera,Geometridae,pacbio,330660185,27.53,0.81
Hypena proboscidalis,753189,Lepidoptera,Erebidae,10x,660666216,36.5,0.97
Hypena proboscidalis,753189,Lepidoptera,Erebidae,10x,666008605,42.79,1.12
Hypena proboscidalis,753189,Lepidoptera,Erebidae,pacbio,636498830,32.49,0.92
Hypena proboscidalis,753189,Lepidoptera,Erebidae,pacbio,635831250,38.87,1.07
Idaea aversata,104447,Lepidoptera,Geometridae,10x,461212362,37.09,0.94
Idaea aversata,104447,Lepidoptera,Geometridae,10x,463390433,44,1.02
Idaea aversata,104447,Lepidoptera,Geometridae,pacbio,438537519,32.4,0.9
Idaea aversata,104447,Lepidoptera,Geometridae,pacbio,438940020,39.8,0.97
Korscheltellus lupulina,214181,Lepidoptera,Hepialidae,10x,1573317278,35.06,0.73
Korscheltellus lupulina,214181,Lepidoptera,Hepialidae,10x,1586490275,43.45,0.82
Korscheltellus lupulina,214181,Lepidoptera,Hepialidae,pacbio,1409181212,26.41,0.66
Korscheltellus lupulina,214181,Lepidoptera,Hepialidae,pacbio,1407622480,35.57,0.74
Laothoe populi,522836,Lepidoptera,Sphingidae,pacbio,576424903,37.75,1.5
Laothoe populi,522836,Lepidoptera,Sphingidae,pacbio,575281228,44.49,1.72
Lasioglossum pauxillum,88516,Hymenoptera,Halictidae,pacbio,423225409,30.63,0.46
Lasioglossum pauxillum,88516,Hymenoptera,Halictidae,pacbio,418109601,36.28,0.47
Lasiommata megera,111917,Lepidoptera,Nymphalidae,10x,503762423,30.88,2.78
Lasiommata megera,111917,Lepidoptera,Nymphalidae,10x,501027966,36.36,3.18
Lasiommata megera,111917,Lepidoptera,Nymphalidae,pacbio,475201599,26.03,2.67
Lasiommata megera,111917,Lepidoptera,Nymphalidae,pacbio,476475775,32.08,3.07
Laspeyria flexula,938238,Lepidoptera,Erebidae,10x,476614843,26.79,0.91
Laspeyria flexula,938238,Lepidoptera,Erebidae,10x,480936704,32.81,0.99
Laspeyria flexula,938238,Lepidoptera,Erebidae,pacbio,445367717,19.97,0.87
Laspeyria flexula,938238,Lepidoptera,Erebidae,pacbio,445042069,26.15,0.93
Leptidea sinapis,189913,Lepidoptera,Pieridae,10x,721103328,38.37,1.18
Leptidea sinapis,189913,Lepidoptera,Pieridae,10x,720116437,47.3,1.28
Leptidea sinapis,189913,Lepidoptera,Pieridae,pacbio,687340552,34.15,1.08
Leptidea sinapis,189913,Lepidoptera,Pieridae,pacbio,687830011,44.26,1.18
Limenitis camilla,270466,Lepidoptera,Nymphalidae,10x,438096259,27.33,0.9
Limenitis camilla,270466,Lepidoptera,Nymphalidae,10x,441690337,34.97,1.01
Limenitis camilla,270466,Lepidoptera,Nymphalidae,pacbio,419956752,22.98,0.86
Limenitis camilla,270466,Lepidoptera,Nymphalidae,pacbio,420444187,30.79,0.97
Limnephilus affinis,1271727,Trichoptera,Limnephilidae,hic-arima,1478551441,61.65,1
Limnephilus marmoratus,1271730,Trichoptera,Limnephilidae,hic-arima,2716043232,68.91,0.63
Limnophora riparia,559655,Diptera,Muscidae,hic-arima,2202996199,78.66,1.99
Limnophora riparia,559655,Diptera,Muscidae,hic-arima,2275087853,82.24,2.82
Linyphia triangularis,94031,Chelicerata,Linyphiidae,pacbio,58201822,86.38,3.17
Lipophrys pholis,56720,Blenniiformes,Blenniidae,pacbio,705971080,16.59,0.56
Lipophrys pholis,56720,Blenniiformes,Blenniidae,pacbio,708796174,21.38,0.67
Lucilia sericata,13632,Diptera,Calliphoridae,10x,534205970,52.3,2.37
Lucilia sericata,13632,Diptera,Calliphoridae,10x,505716343,54.93,2.8
Lumbricus castaneus,81491,Haplotaxida,Lumbricidae,pacbio,17512339,79.25,2.77
Lumbricus castaneus,81491,Haplotaxida,Lumbricidae,pacbio,18925526,81.17,3.87
Lumbricus rubellus,35632,Haplotaxida,Lumbricidae,10x,993810458,48.11,3.33
Lumbricus rubellus,35632,Haplotaxida,Lumbricidae,10x,1010466368,54.21,4.02
Lumbricus terrestris,6398,Haplotaxida,Lumbricidae,10x,1511256622,62.36,3.54
Lumbricus terrestris,6398,Haplotaxida,Lumbricidae,pacbio,4602841,71.28,3.18
Lumbricus terrestris,6398,Haplotaxida,Lumbricidae,pacbio,6274298,75.46,4.4
Lycaena phlaeas,282391,Lepidoptera,Lycaenidae,hic-arima2,685697652,55.22,0.61
Lycaena phlaeas,282391,Lepidoptera,Lycaenidae,hic-arima2,383840999,37.38,3.88
Lycaena phlaeas,282391,Lepidoptera,Lycaenidae,10x,417904270,26.41,2.03
Lycaena phlaeas,282391,Lepidoptera,Lycaenidae,10x,419061841,31.88,2.21
Lycaena phlaeas,282391,Lepidoptera,Lycaenidae,pacbio,416266421,22.88,1.81
Lycaena phlaeas,282391,Lepidoptera,Lycaenidae,pacbio,416876229,28.82,1.94
Lygus pratensis,1436830,Hemiptera,Miridae,10x,1007115857,53.86,2.25
Lygus pratensis,1436830,Hemiptera,Miridae,10x,978513944,57.25,2.54
Lygus pratensis,1436830,Hemiptera,Miridae,pacbio,807974681,46.78,2.38
Lygus pratensis,1436830,Hemiptera,Miridae,pacbio,761787076,49.76,2.79
Lymantria monacha,78897,Lepidoptera,Erebidae,10x,934249548,40.65,0.86
Lymantria monacha,78897,Lepidoptera,Erebidae,10x,937710627,49.1,0.92
Lymantria monacha,78897,Lepidoptera,Erebidae,pacbio,916588912,38.22,0.73
Lymantria monacha,78897,Lepidoptera,Erebidae,pacbio,911159224,46.9,0.78
Lymnaea stagnalis,6523,Hygrophila,Lymnaeidae,hic-arima,972699438,36.1,0.77
Lymnaea stagnalis,6523,Hygrophila,Lymnaeidae,hic-arima,997153998,44.05,0.89
Lysandra bellargus,138070,Lepidoptera,Lycanidae,10x,545271348,45.38,1.47
Lysandra bellargus,138070,Lepidoptera,Lycanidae,10x,546703586,52.12,1.58
Lysandra bellargus,138070,Lepidoptera,Lycanidae,pacbio,514705833,40.57,1.37
Lysandra bellargus,138070,Lepidoptera,Lycanidae,pacbio,514047332,48.38,1.47
Lysandra coridon,268709,Lepidoptera,Lycanidae,10x,580811161,48.18,1.4
Lysandra coridon,268709,Lepidoptera,Lycanidae,10x,581295486,54.63,1.46
Lysandra coridon,268709,Lepidoptera,Lycanidae,pacbio,531996919,42.32,1.34
Lysandra coridon,268709,Lepidoptera,Lycanidae,pacbio,532364342,49.77,1.4
Malachius bipustulatus,295700,Coleoptera,Melyridae,hic-arima2,854593621,64.08,0.44
Malachius bipustulatus,295700,Coleoptera,Melyridae,hic-arima2,847499816,72.05,0.53
Malachius bipustulatus,295700,Coleoptera,Melyridae,pacbio,553188342,39.46,1.38
Malachius bipustulatus,295700,Coleoptera,Melyridae,pacbio,554969962,45.57,1.56
Malacosteus niger,76143,Stomiiformes,Stomiidae,hic-arima,974044740,73.2,1.95
Mamestra brassicae,55057,Lepidoptera,Noctuidae,hic-arima2,618823327,32.75,0.1
Mamestra brassicae,55057,Lepidoptera,Noctuidae,hic-arima2,615767644,38.63,0.17
Mamestra brassicae,55057,Lepidoptera,Noctuidae,10x,610359574,33.92,0.01
Mamestra brassicae,55057,Lepidoptera,Noctuidae,pacbio,573500108,21.37,0.02
Mamestra brassicae,55057,Lepidoptera,Noctuidae,pacbio,572646619,28.66,0.03
Maniola jurtina,191418,Lepidoptera,Nymphalidae,10x,409359321,32.61,2.4
Maniola jurtina,191418,Lepidoptera,Nymphalidae,10x,409756413,38.93,2.65
Maniola jurtina,191418,Lepidoptera,Nymphalidae,pacbio,386774660,26.89,2.34
Maniola jurtina,191418,Lepidoptera,Nymphalidae,pacbio,386905686,33.61,2.57
Megachile ligniseca,1542540,Hymenoptera,Megachilidae,10x,829360203,72.77,0.63
Megachile ligniseca,1542540,Hymenoptera,Megachilidae,10x,667569119,67.78,0.63
Megachile ligniseca,1542540,Hymenoptera,Megachilidae,pacbio,252114991,16.01,0.46
Megachile ligniseca,1542540,Hymenoptera,Megachilidae,pacbio,248693018,17.28,0.48
Megachile willughbiella,481575,Hymenoptera,Megachilidae,10x,1283865289,77.86,1.1
Megachile willughbiella,481575,Hymenoptera,Megachilidae,10x,1071031561,75.42,1.11
Melanargia galathea,111923,Lepidoptera,Nymphalidae,10x,631452444,51.68,1.47
Melanargia galathea,111923,Lepidoptera,Nymphalidae,10x,636719338,57,1.62
Melanargia galathea,111923,Lepidoptera,Nymphalidae,pacbio,51012321,87.62,2.48
Melanargia galathea,111923,Lepidoptera,Nymphalidae,pacbio,59684497,89.39,3.8
Melanostoma mellinum,653684,Diptera,Syrphidae,10x,797094095,51.22,2.71
Melanostoma mellinum,653684,Diptera,Syrphidae,10x,788268306,56.35,3.26
Melanostoma mellinum,653684,Diptera,Syrphidae,pacbio,723699209,45.03,2.57
Melanostoma mellinum,653684,Diptera,Syrphidae,pacbio,723195070,51.57,3.08
Melanostoma scalare,92598,Diptera,Syrphidae,10x,776548079,48.5,1.58
Melanostoma scalare,92598,Diptera,Syrphidae,10x,776998549,54.23,1.84
Melanostoma scalare,92598,Diptera,Syrphidae,pacbio,718985497,43.91,1.46
Melanostoma scalare,92598,Diptera,Syrphidae,pacbio,718267381,50.58,1.7
Meles meles,9662,Carnivora,Mustelidae,10x,2806885907,25.37,0.13
Meles meles,9662,Carnivora,Mustelidae,10x,2810887502,31.66,0.13
Meles meles,9662,Carnivora,Mustelidae,pacbio,2610137992,18.67,0.16
Meles meles,9662,Carnivora,Mustelidae,illumina,2613315935,17.52,0.1
Meles meles,9662,Carnivora,Mustelidae,illumina,2613911236,24.31,0.1
Meles meles,9662,Carnivora,Mustelidae,illumina,2576504919,17.64,0.18
Meles meles,9662,Carnivora,Mustelidae,illumina,2580686006,24.53,0.22
Melitaea athalia,113330,Lepidoptera,Nymphalidae,10x,625194604,45.23,2.93
Melitaea athalia,113330,Lepidoptera,Nymphalidae,10x,625248200,51.4,3.2
Melitaea athalia,113330,Lepidoptera,Nymphalidae,pacbio,594886375,42.06,2.84
Melitaea athalia,113330,Lepidoptera,Nymphalidae,pacbio,594769911,48.62,3.11
Melitaea cinxia,113334,Lepidoptera,Nymphalidae,10x,524807427,33.53,2.1
Melitaea cinxia,113334,Lepidoptera,Nymphalidae,10x,525661831,40.04,2.33
Melitaea cinxia,113334,Lepidoptera,Nymphalidae,pacbio,500178079,27.62,1.93
Melitaea cinxia,113334,Lepidoptera,Nymphalidae,pacbio,495531952,35.19,2.12
Melolontha melolontha,7061,Coleoptera,Scarabaeidae,pacbio,1660452291,49.07,1.4
Melolontha melolontha,7061,Coleoptera,Scarabaeidae,pacbio,1656512206,59.77,1.57
Mesembrina meridiana,116148,Diptera,Muscidae,10x,919861624,52.14,2.91
Mesembrina meridiana,116148,Diptera,Muscidae,10x,961495382,59.65,3.38
Mesembrina meridiana,116148,Diptera,Muscidae,pacbio,839167566,51.79,3.12
Mesembrina meridiana,116148,Diptera,Muscidae,pacbio,732206352,51.73,3.27
Metschnikowia zobellii,27328,Saccharomycetales,Metschnikowiaceae,pacbio,14854064,12.5,0.33
Metschnikowia zobellii,27328,Saccharomycetales,Metschnikowiaceae,pacbio,14861008,12.79,0.35
Mimas tiliae,522848,Lepidoptera,Sphingidae,pacbio,467722446,21.53,0.74
Mimas tiliae,522848,Lepidoptera,Sphingidae,pacbio,467998442,30.59,0.8
Myathropa florea,2714349,Diptera,Syrphidae,10x,459213491,29.64,0.95
Myathropa florea,2714349,Diptera,Syrphidae,10x,461622290,36.29,1.07
Myathropa florea,2714349,Diptera,Syrphidae,pacbio,439241558,25.16,0.92
Myathropa florea,2714349,Diptera,Syrphidae,pacbio,436668801,31.61,1.05
Myrmica ruginodis,34708,Hymenoptera,Formicidae,10x,531405068,52.88,0.45
Myrmica ruginodis,34708,Hymenoptera,Formicidae,10x,534391348,57.26,0.49
Myrmica ruginodis,34708,Hymenoptera,Formicidae,pacbio,512163218,51.64,0.46
Myrmica ruginodis,34708,Hymenoptera,Formicidae,pacbio,509392696,56.07,0.52
Mythimna impura,987985,Lepidoptera,Noctuidae,10x,993466367,46.66,2.88
Mythimna impura,987985,Lepidoptera,Noctuidae,10x,995170533,54.88,3.14
Mythimna impura,987985,Lepidoptera,Noctuidae,pacbio,939919900,43.41,2.64
Mythimna impura,987985,Lepidoptera,Noctuidae,pacbio,937732407,51.95,2.82
Nabis limbatus,347974,Hemiptera,Nabidae,pacbio,2219934948,55.26,1.21
Nabis limbatus,347974,Hemiptera,Nabidae,pacbio,2213004049,65.27,1.35
Nebria brevicollis,110024,Coleoptera,Carabidae,10x,473660361,67.74,0.63
Nebria brevicollis,110024,Coleoptera,Carabidae,10x,456844441,68.79,0.71
Nebria brevicollis,110024,Coleoptera,Carabidae,pacbio,332728778,56.56,0.63
Nebria brevicollis,110024,Coleoptera,Carabidae,pacbio,329751052,58.96,0.69
Nebria salina,878211,Coleoptera,Carabidae,10x,457828071,68.66,0.77
Nebria salina,878211,Coleoptera,Carabidae,10x,440111408,68.83,0.83
Nebria salina,878211,Coleoptera,Carabidae,pacbio,28491831,90.65,2.36
Nebria salina,878211,Coleoptera,Carabidae,pacbio,29780000,92.52,3.39
Nemophora degeerella,233164,Lepidoptera,Adelidae,10x,524038032,30.54,0.57
Nemophora degeerella,233164,Lepidoptera,Adelidae,10x,530166017,38.79,0.6
Nemophora degeerella,233164,Lepidoptera,Adelidae,10x,549922974,34.41,0.55
Nemophora degeerella,233164,Lepidoptera,Adelidae,10x,550478575,41.65,0.58
Nemoura avicularis,1258725,Plecoptera,Nemouridae,hic-arima,3451049134,99.18,4.95
Nephrotoma flavescens,2719080,Diptera,Tipiulidae,pacbio,960399075,39.2,2.3
Nephrotoma flavescens,2719080,Diptera,Tipiulidae,pacbio,996290585,49.92,2.66
Nephrotoma flavipalpis,2746509,Diptera,Tipulidae,10x,1206583037,35.89,0.76
Nephrotoma flavipalpis,2746509,Diptera,Tipulidae,10x,1205686590,46.26,0.97
Nephrotoma flavipalpis,2746509,Diptera,Tipulidae,pacbio,1910520627,57.88,1.02
Nephrotoma flavipalpis,2746509,Diptera,Tipulidae,pacbio,1931954166,65,1.22
Noctua fimbriata,753202,Lepidoptera,Noctuidae,hic-arima2,777720833,64.85,1.25
Noctua fimbriata,753202,Lepidoptera,Noctuidae,10x,604002558,33.56,1.66
Noctua fimbriata,753202,Lepidoptera,Noctuidae,10x,613087157,40.97,1.82
Noctua fimbriata,753202,Lepidoptera,Noctuidae,pacbio,569195537,29.44,1.56
Noctua fimbriata,753202,Lepidoptera,Noctuidae,pacbio,568751347,35.86,1.73
Noctua pronuba,214277,Lepidoptera,Noctuidae,10x,570867597,32.44,3.22
Noctua pronuba,214277,Lepidoptera,Noctuidae,10x,577910955,39.72,3.6
Noctua pronuba,214277,Lepidoptera,Noctuidae,pacbio,503631154,26.74,3.23
Noctua pronuba,214277,Lepidoptera,Noctuidae,pacbio,504922042,33.12,3.54
Nola cucullatella,987999,Lepidoptera,Nolidae,10x,546753313,51.87,0.48
Nola cucullatella,987999,Lepidoptera,Nolidae,10x,550739578,57.08,0.56
Nola cucullatella,987999,Lepidoptera,Nolidae,pacbio,491896877,45.6,0.43
Nola cucullatella,987999,Lepidoptera,Nolidae,pacbio,491148384,51.36,0.48
Nomada fabriciana,601510,Hymenoptera,Apidae,10x,247048539,22.83,0.55
Nomada fabriciana,601510,Hymenoptera,Apidae,10x,246274484,23.68,0.58
Nomada fabriciana,601510,Hymenoptera,Apidae,pacbio,225034325,13.11,0.51
Nomada fabriciana,601510,Hymenoptera,Apidae,pacbio,225010508,14.67,0.55
Notocelia uddmanniana,1594315,Lepidoptera,Tortricidae,10x,1875691813,91.14,0.03
Notocelia uddmanniana,1594315,Lepidoptera,Tortricidae,10x,872925691,52.32,1.14
Notocelia uddmanniana,1594315,Lepidoptera,Tortricidae,pacbio,829493299,42.5,0.83
Notocelia uddmanniana,1594315,Lepidoptera,Tortricidae,pacbio,828883107,50.02,0.89
Notodonta dromedarius,753204,Lepidoptera,Notodontidae,10x,361019993,32.12,1.56
Notodonta dromedarius,753204,Lepidoptera,Notodontidae,10x,360730907,36.37,1.7
Notodonta dromedarius,753204,Lepidoptera,Notodontidae,pacbio,339898572,25.17,1.49
Notodonta dromedarius,753204,Lepidoptera,Notodontidae,pacbio,339363912,30.16,1.61
Notonecta glauca,260537,Hemiptera,Notonectidae,pacbio,1065369587,21.69,0.96
Notonecta glauca,260537,Hemiptera,Notonectidae,pacbio,1061616994,25.26,1.03
Nymphalis polychloros,171594,Lepidoptera,Nymphalidae,10x,407622881,25.76,1.07
Nymphalis polychloros,171594,Lepidoptera,Nymphalidae,10x,410774917,31.41,1.15
Nymphalis polychloros,171594,Lepidoptera,Nymphalidae,pacbio,389478941,21.21,1.01
Nymphalis polychloros,171594,Lepidoptera,Nymphalidae,pacbio,390058123,26.95,1.08
Nysson spinosus,2495127,Hymenoptera,Crabronidae,10x,380817826,48.37,0.34
Nysson spinosus,2495127,Hymenoptera,Crabronidae,10x,364739447,48.38,0.37
Nysson spinosus,2495127,Hymenoptera,Crabronidae,pacbio,357583764,44.11,0.29
Nysson spinosus,2495127,Hymenoptera,Crabronidae,pacbio,336375702,43.27,0.3
Ochlodes sylvanus,876063,Lepidoptera,Hesperiidae,10x,392317145,26.28,1.33
Ochlodes sylvanus,876063,Lepidoptera,Hesperiidae,10x,398162595,30.84,1.49
Ochlodes sylvanus,876063,Lepidoptera,Hesperiidae,pacbio,362861099,18.28,1.29
Ochlodes sylvanus,876063,Lepidoptera,Hesperiidae,pacbio,362666886,22.22,1.44
Ochlodes sylvanus,876063,Lepidoptera,Hesperiidae,10x,351134691,22.13,1.47
Ochlodes sylvanus,876063,Lepidoptera,Hesperiidae,10x,355195516,26.14,1.67
Ochropleura plecta,320037,Lepidoptera,Noctuidae,10x,662384642,40.64,2.04
Ochropleura plecta,320037,Lepidoptera,Noctuidae,10x,666431165,46.33,2.3
Ocypus olens,662956,Coleoptera,Staphylinidae,10x,1031146258,49.58,0.75
Ocypus olens,662956,Coleoptera,Staphylinidae,10x,1025193592,59.14,0.88
Ocypus olens,662956,Coleoptera,Staphylinidae,pacbio,964537089,45.17,0.71
Ocypus olens,662956,Coleoptera,Staphylinidae,pacbio,949331902,55.49,0.85
Ocypus olens,662956,Coleoptera,Staphylinidae,hic-arima,1481343744,72.62,0.13
Ocypus olens,662956,Coleoptera,Staphylinidae,hic-arima,821592292,50.29,1.77
Odontocerum albicorne,446452,Trichoptera,Odontoceridae,10x,1427600649,31.98,0.69
Odontocerum albicorne,446452,Trichoptera,Odontoceridae,10x,1452703527,43.1,0.79
Odontocerum albicorne,446452,Trichoptera,Odontoceridae,hic-arima,1298067515,36.65,0.97
Oedemera lurida,351486,Coleoptera,Cerambycidae,10x,1136865785,49.54,4.3
Oedemera lurida,351486,Coleoptera,Cerambycidae,10x,1136707707,57.62,4.75
Oedemera lurida,351486,Coleoptera,Cerambycidae,pacbio,1110426804,46.71,4.05
Oedemera lurida,351486,Coleoptera,Cerambycidae,pacbio,1103900735,55.24,4.64
Oedemera nobilis,116146,Coleoptera,Oedemeridae,10x,1583169060,46.69,1.86
Oedemera nobilis,116146,Coleoptera,Oedemeridae,10x,1584564128,56.23,2.21
Oedemera nobilis,116146,Coleoptera,Oedemeridae,pacbio,346952686,21.37,0.56
Oedemera nobilis,116146,Coleoptera,Oedemeridae,pacbio,346330256,27.25,0.61
Opisthograptis luteolata,934882,Lepidoptera,Geometridae,10x,409676266,34.31,0.93
Opisthograptis luteolata,934882,Lepidoptera,Geometridae,10x,414171965,40.13,1.02
Opisthograptis luteolata,934882,Lepidoptera,Geometridae,pacbio,391795289,29.45,0.88
Opisthograptis luteolata,934882,Lepidoptera,Geometridae,pacbio,392062251,35.34,0.96
Opostega salaciella,753213,Lepidoptera,Opostegidae,10x,319194325,30.02,0.74
Opostega salaciella,753213,Lepidoptera,Opostegidae,10x,322607191,37.08,0.8
Orectochilus villosus,107782,Coleoptera,Gyrinidae,10x,712875983,42.57,1.52
Orectochilus villosus,107782,Coleoptera,Gyrinidae,10x,700191110,46.75,1.78
Pandemis cerasana,572788,Lepidoptera,Tortricidae,pacbio,834172156,54.41,0.52
Pandemis cerasana,572788,Lepidoptera,Tortricidae,pacbio,830627530,60.7,0.59
Panorpa germanica,50603,Mecoptera,Panorpidae,10x,587220378,50.05,1.25
Panorpa germanica,50603,Mecoptera,Panorpidae,10x,572198809,54.34,1.47
Pantilius tunicatus,1511241,Hemiptera,Miridae,10x,1446634820,43.07,0.32
Pantilius tunicatus,1511241,Hemiptera,Miridae,10x,1448575699,51.68,0.35
Pantilius tunicatus,1511241,Hemiptera,Miridae,pacbio,1217708818,33.82,0.41
Pantilius tunicatus,1511241,Hemiptera,Miridae,pacbio,1217341572,43.58,0.47
Papilio machaon,76193,Lepidoptera,Papilionidae,10x,255606800,25.48,3.07
Papilio machaon,76193,Lepidoptera,Papilionidae,10x,257098358,29.62,3.31
Papilio machaon,76193,Lepidoptera,Papilionidae,pacbio,239740519,16.22,3
Papilio machaon,76193,Lepidoptera,Papilionidae,pacbio,239707962,20.25,3.24
Parapoynx stratiotata,1594321,Lepidoptera,Crambidae,10x,437151051,29.66,2.38
Parapoynx stratiotata,1594321,Lepidoptera,Crambidae,10x,434135000,33.61,2.79
Parapoynx stratiotata,1594321,Lepidoptera,Crambidae,pacbio,475641716,24.88,1.62
Parapoynx stratiotata,1594321,Lepidoptera,Crambidae,pacbio,474449484,31.45,1.75
Pararge aegeria tircis,348721,Lepidoptera,Nymphalidae,10x,549196885,26.39,0.58
Pararge aegeria tircis,348721,Lepidoptera,Nymphalidae,10x,553979671,34.01,0.67
Pararge aegeria tircis,348721,Lepidoptera,Nymphalidae,pacbio,509181778,20.56,0.54
Pararge aegeria tircis,348721,Lepidoptera,Nymphalidae,pacbio,509273821,28.49,0.62
Pardosa saltans,1926210,Chelicerata,Lycosidae,10x,2570374115,41.27,1.47
Pardosa saltans,1926210,Chelicerata,Lycosidae,10x,2577763093,49.44,1.61
Pardosa saltans,1926210,Chelicerata,Lycosidae,pacbio,2401464135,37.9,1.47
Pardosa saltans,1926210,Chelicerata,Lycosidae,pacbio,2397807045,46.75,1.65
Phalera bucephala,753216,Lepidoptera,Notodontidae,10x,977222711,45.07,1.28
Phalera bucephala,753216,Lepidoptera,Notodontidae,10x,985921281,54.18,1.47
Phalera bucephala,753216,Lepidoptera,Notodontidae,pacbio,922347506,40.57,1.19
Phalera bucephala,753216,Lepidoptera,Notodontidae,pacbio,921039850,50.14,1.36
Phasia hemiptera,1918142,Diptera,Tachinidae,10x,1046657527,30.72,1.02
Phasia hemiptera,1918142,Diptera,Tachinidae,10x,1063619337,43.47,1.12
Phasia hemiptera,1918142,Diptera,Tachinidae,pacbio,1033225581,41.82,1.05
Pheosia gnoma,988018,Lepidoptera,Notodontidae,pacbio,280314989,17.16,0.73
Pheosia gnoma,988018,Lepidoptera,Notodontidae,pacbio,280484319,21.43,0.83
Pheosia tremula,988019,Lepidoptera,Notodontidae,pacbio,293060403,18.95,0.64
Pheosia tremula,988019,Lepidoptera,Notodontidae,pacbio,292975755,23.42,0.71
Phlogophora meticulosa,875884,Lepidoptera,Noctuidae,10x,545446643,26.55,1.14
Phlogophora meticulosa,875884,Lepidoptera,Noctuidae,10x,548129622,32.42,1.26
Phlogophora meticulosa,875884,Lepidoptera,Noctuidae,pacbio,540248815,24.55,1.04
Phlogophora meticulosa,875884,Lepidoptera,Noctuidae,pacbio,542824831,30.55,1.19
Pholcus phalangioides,6932,Chelicerata,Pholcidae,10x,1340036393,40.53,0.83
Pholcus phalangioides,6932,Chelicerata,Pholcidae,10x,1359202628,49.71,0.9
Pholcus phalangioides,6932,Chelicerata,Pholcidae,pacbio,1186359139,42.64,2.05
Pholis gunnellus,56726,Perciformes,Pholidae,10x,756343291,32.25,0.37
Pholis gunnellus,56726,Perciformes,Pholidae,10x,774587492,36.15,0.41
Pieris brassicae brassicae,596636,Lepidoptera,Pieridae,hic-qiagen,955062241,95.67,1.93
Pieris brassicae brassicae,596636,Lepidoptera,Pieridae,hic-qiagen,911021135,95.42,2.96
Pieris brassicae brassicae,596636,Lepidoptera,Pieridae,10x,288176941,20.07,0.73
Pieris brassicae brassicae,596636,Lepidoptera,Pieridae,10x,288297634,24.46,0.8
Pieris brassicae brassicae,596636,Lepidoptera,Pieridae,pacbio,274667872,14.49,0.7
Pieris brassicae brassicae,596636,Lepidoptera,Pieridae,pacbio,273807408,19.38,0.77
Pieris napi,78633,Lepidoptera,Pieridae,10x,336505960,31.03,3.09
Pieris napi,78633,Lepidoptera,Pieridae,10x,337057882,36.35,3.39
Pieris napi,78633,Lepidoptera,Pieridae,pacbio,315453436,26.08,3.06
Pieris napi,78633,Lepidoptera,Pieridae,pacbio,315241819,31.74,3.35
Pieris napi,78633,Lepidoptera,Pieridae,10x,335815131,32.78,3.2
Pieris napi,78633,Lepidoptera,Pieridae,10x,336357728,38.2,3.54
Pieris napi,78633,Lepidoptera,Pieridae,pacbio,310565885,26.86,3.14
Pieris napi,78633,Lepidoptera,Pieridae,pacbio,310603820,32.22,3.47
Pieris rapae,64459,Lepidoptera,Pieridae,10x,261134939,21.18,2.09
Pieris rapae,64459,Lepidoptera,Pieridae,10x,261832237,25.04,2.31
Pieris rapae,64459,Lepidoptera,Pieridae,pacbio,248469730,13.56,1.99
Pieris rapae,64459,Lepidoptera,Pieridae,pacbio,249205740,17.8,2.2
Pisaura mirabilis,1155755,Chelicerata,Pisauridae,10x,2187406280,32.78,1.81
Pisaura mirabilis,1155755,Chelicerata,Pisauridae,10x,2169638239,39.48,1.92
Pisaura mirabilis,1155755,Chelicerata,Pisauridae,10x,2234334876,34.15,1.82
Pisaura mirabilis,1155755,Chelicerata,Pisauridae,10x,2240598684,41.25,1.93
Piscicola geometra,60958,Rhynchobdellida,Piscicolidae,pacbio,171071735,33.83,1
Piscicola geometra,60958,Rhynchobdellida,Piscicolidae,pacbio,168760345,38.81,1.1
Pisidia longicornis,874270,Decapoda,Porcellanidae,10x,856207888,64.72,1.08
Pisidia longicornis,874270,Decapoda,Porcellanidae,10x,862096882,68.35,1.2
Pisidium nitidum,192231,Veneroida,Sphaeriidae,10x,3645663445,53.45,0.13
Pisidium nitidum,192231,Veneroida,Sphaeriidae,10x,3647585536,63.75,0.25
Plagodis dolabraria,934889,Lepidoptera,Geometridae,10x,973916076,39.69,0.88
Plagodis dolabraria,934889,Lepidoptera,Geometridae,10x,983728309,47.03,0.99
Plagodis dolabraria,934889,Lepidoptera,Geometridae,hic-arima,1188907757,71.5,1.12
Planococcus citri,170843,Hemiptera,Pseudococcidae,10x,427700831,27.67,0.17
Planococcus citri,170843,Hemiptera,Pseudococcidae,10x,431437981,34.27,0.22
Planorbarius corneus,240818,Hygrophila,Planorbidae,hic-arima,1123285914,54.83,1.99
Planorbarius corneus,240818,Hygrophila,Planorbidae,hic-arima,1258256546,61.66,2.58
Planorbis planorbis,191805,Hygrophila,Planorbidae,pacbio,1360724,76.13,2.75
Planorbis planorbis,191805,Hygrophila,Planorbidae,pacbio,794247,73.19,3.94
Planorbis planorbis,191805,Hygrophila,Planorbidae,hic-arima,1273484252,33.8,0.23
Planorbis planorbis,191805,Hygrophila,Planorbidae,hic-arima,1250503581,45.66,0.38
Platycheirus albimanus,414846,Diptera,Syrphidae,10x,784533506,53.03,2.33
Platycheirus albimanus,414846,Diptera,Syrphidae,10x,777324279,57.68,2.7
Platycheirus albimanus,414846,Diptera,Syrphidae,pacbio,595266251,41.82,2.36
Platycheirus albimanus,414846,Diptera,Syrphidae,pacbio,602714320,48.38,2.83
Plebejus argus,242267,Lepidoptera,Lycanidae,10x,406678358,40.02,1.66
Plebejus argus,242267,Lepidoptera,Lycanidae,10x,409711093,45.53,1.73
Plebejus argus,242267,Lepidoptera,Lycanidae,pacbio,380153968,32.67,1.65
Plebejus argus,242267,Lepidoptera,Lycanidae,pacbio,379458783,38.29,1.72
Plutella xylostella,51655,Lepidoptera,Plutellidae,pacbio,323216274,32.43,3.2
Plutella xylostella,51655,Lepidoptera,Plutellidae,pacbio,322980857,36.31,3.56
Plutella xylostella,51655,Lepidoptera,Plutellidae,10x,343100280,35.75,3.11
Plutella xylostella,51655,Lepidoptera,Plutellidae,10x,344434049,40.19,3.52
Podabrus alpinus,1553677,Coleoptera,Cantharidae,10x,896604032,57.53,0.48
Podabrus alpinus,1553677,Coleoptera,Cantharidae,10x,897214312,63.37,0.52
Polygonia c-album,929971,Lepidoptera,Nymphalidae,10x,387399711,25.78,2.16
Polygonia c-album,929971,Lepidoptera,Nymphalidae,10x,388842153,30.76,2.33
Polygonia c-album,929971,Lepidoptera,Nymphalidae,pacbio,369816260,21.14,2.07
Polygonia c-album,929971,Lepidoptera,Nymphalidae,pacbio,369252736,25.73,2.23
Polyommatus icarus,265386,Lepidoptera,Lycaenidae,hic-arima2,453309189,66.21,2.97
Polyommatus icarus,265386,Lepidoptera,Lycaenidae,10x,559768151,46.59,1.71
Polyommatus icarus,265386,Lepidoptera,Lycaenidae,10x,564080913,53.08,1.8
Polyommatus icarus,265386,Lepidoptera,Lycaenidae,pacbio,527415769,42.1,1.63
Polyommatus icarus,265386,Lepidoptera,Lycaenidae,pacbio,527754357,49.05,1.71
Prays fraxinella,572880,Lepidoptera,Praydidae,10x,405679809,43.77,1.18
Prays fraxinella,572880,Lepidoptera,Praydidae,10x,408485719,49.3,1.27
Propylea quatuordecimpunctata,558720,Coleoptera,Coccinellidae,10x,617844484,51.92,3.36
Propylea quatuordecimpunctata,558720,Coleoptera,Coccinellidae,10x,613178269,58.95,3.79
Propylea quatuordecimpunctata,558720,Coleoptera,Coccinellidae,pacbio,608163110,50.8,3.26
Propylea quatuordecimpunctata,558720,Coleoptera,Coccinellidae,pacbio,601910156,58.18,3.67
Pseudargyrotoza conwagana,1101037,Lepidoptera,Tortricidae,10x,478123293,38.87,1.06
Pseudargyrotoza conwagana,1101037,Lepidoptera,Tortricidae,10x,486620714,44.49,1.13
Pterophorus pentadactyla,1572507,Lepidoptera,Pterophoridae,10x,408997467,38.35,0.39
Pterophorus pentadactyla,1572507,Lepidoptera,Pterophoridae,10x,414168012,44.48,0.36
Pterostichus madidus,767470,Coleoptera,Carabidae,10x,735552172,47.02,0.76
Pterostichus madidus,767470,Coleoptera,Carabidae,10x,730537206,55.72,0.9
Pterostichus madidus,767470,Coleoptera,Carabidae,pacbio,694255325,43.6,0.75
Pterostichus madidus,767470,Coleoptera,Carabidae,pacbio,690103889,53.04,0.88
Pterostoma palpina,987447,Lepidoptera,Notodontidae,10x,454107128,30.17,1.5
Pterostoma palpina,987447,Lepidoptera,Notodontidae,10x,458572919,37.91,1.68
Pyrgus malvae,218760,Lepidoptera,Hesperiidae,10x,761699981,41.2,2.21
Pyrgus malvae,218760,Lepidoptera,Hesperiidae,10x,766523563,48.25,2.44
Pyrgus malvae,218760,Lepidoptera,Hesperiidae,pacbio,728776469,37.62,2.14
Pyrgus malvae,218760,Lepidoptera,Hesperiidae,pacbio,727783541,44.99,2.35
Pyrochroa serraticornis,346838,Coleoptera,Pyrochroidae,10x,301729212,39.29,0.7
Pyrochroa serraticornis,346838,Coleoptera,Pyrochroidae,10x,303047136,41.95,0.81
Radix auricularia,52793,Hygrophila,Lymnaeidae,hic-arima,1863604688,65.77,0.84
Radix auricularia,52793,Hygrophila,Lymnaeidae,hic-arima,1879362043,69.19,1.14
Rattus norvegicus,10116,Rodentia,Muridae,hic-arima,2541019831,18.57,0.31
Rattus norvegicus,10116,Rodentia,Muridae,hic-arima,2499001788,25.22,0.45
Recurvaria leucatella,1594339,Lepidoptera,Gelechiidae,10x,756499277,40.9,0.89
Recurvaria leucatella,1594339,Lepidoptera,Gelechiidae,10x,764976517,50.14,1.02
Recurvaria leucatella,1594339,Lepidoptera,Gelechiidae,pacbio,740971231,35.56,0.71
Recurvaria leucatella,1594339,Lepidoptera,Gelechiidae,pacbio,740375442,45.17,0.77
Rhagio scolopaceus,2484562,Diptera,Rhagionidae,10x,1415934051,52.89,1.12
Rhagio scolopaceus,2484562,Diptera,Rhagionidae,10x,1411860771,60.9,1.23
Rhagonycha fulva,41101,Coleoptera,Cantharidae,10x,386089762,33.44,0.6
Rhagonycha fulva,41101,Coleoptera,Cantharidae,10x,384712458,38.54,0.66
Rhagonycha fulva,41101,Coleoptera,Cantharidae,pacbio,374812275,30.57,0.58
Rhagonycha fulva,41101,Coleoptera,Cantharidae,pacbio,371016711,35.79,0.64
Rhingia campestris,226161,Diptera,Syrphidae,10x,769478779,48.29,2.05
Rhingia campestris,226161,Diptera,Syrphidae,10x,762388708,54.36,2.25
Rhingia campestris,226161,Diptera,Syrphidae,pacbio,539884569,38.78,2.19
Rhingia campestris,226161,Diptera,Syrphidae,pacbio,547122858,46.21,2.54
Rhopalus subrufus,1511249,Hemiptera,Rhopalidae,hic-arima,2415033999,57.38,1.14
Rhopalus subrufus,1511249,Hemiptera,Rhopalidae,hic-arima,2422264754,65.61,1.25
Rhyacophila dorsalis,1178152,Trichoptera,Rhyacophilidae,10x,707629716,27.82,1.59
Rhyacophila dorsalis,1178152,Trichoptera,Rhyacophilidae,10x,713158056,35.42,1.81
Rivula sericealis,753224,Lepidoptera,Erebidae,10x,489817429,40.19,2.15
Rivula sericealis,753224,Lepidoptera,Erebidae,10x,493898317,45.05,2.41
Sacculina carcini,51650,Kentrogonida,Sacculinidae,10x,482256610,73.55,2.06
Sacculina carcini,51650,Kentrogonida,Sacculinidae,10x,455654060,75.63,2.44
Sacculina carcini,51650,Kentrogonida,Sacculinidae,pacbio,266685630,51.21,1.99
Sacculina carcini,51650,Kentrogonida,Sacculinidae,pacbio,263781531,55.83,2.13
Satyrium walbum,876055,Lepidoptera,Lycaenidae,10x,1313396840,49.47,1.06
Satyrium walbum,876055,Lepidoptera,Lycaenidae,10x,1327192845,59.64,1.26
Satyrium walbum,876055,Lepidoptera,Lycaenidae,pacbio,1241039974,46.21,0.99
Satyrium walbum,876055,Lepidoptera,Lycaenidae,pacbio,1242014984,56.89,1.17
Scaeva pyrastri,219539,Diptera,Syrphidae,10x,342618050,29.03,2.1
Scaeva pyrastri,219539,Diptera,Syrphidae,10x,340077148,31.53,2.3
Scaeva pyrastri,219539,Diptera,Syrphidae,pacbio,308642698,14.81,2.11
Scaeva pyrastri,219539,Diptera,Syrphidae,pacbio,306705421,19.21,2.29
Scathophaga stercoraria,95463,Diptera,Scathophagidae,10x,550279090,55.66,4.57
Scathophaga stercoraria,95463,Diptera,Scathophagidae,pacbio,372030490,29.94,3.41
Scathophaga stercoraria,95463,Diptera,Scathophagidae,pacbio,384344208,38.61,3.9
Schrankia costaestrigalis,411963,Lepidoptera,Erebidae,10x,596982575,41.21,0.94
Schrankia costaestrigalis,411963,Lepidoptera,Erebidae,10x,596990503,45.68,1.09
Schrankia costaestrigalis,411963,Lepidoptera,Erebidae,pacbio,580449723,38.32,0.88
Schrankia costaestrigalis,411963,Lepidoptera,Erebidae,pacbio,580138860,43.19,1.02
Sericostoma personatum,1271737,Trichoptera,Sericostomatidae,10x,1837287291,59.54,2.14
Shargacucullia verbasci,987469,Lepidoptera,Noctuidae,10x,443890645,27.73,1.92
Shargacucullia verbasci,987469,Lepidoptera,Noctuidae,10x,448997332,33.01,2.12
Sialis lutaria,279420,Megaloptera,Sialidae,pacbio,310980,64.11,3.58
Sialis lutaria,279420,Megaloptera,Sialidae,pacbio,425652,68.79,4.81
Sialis lutaria,279420,Megaloptera,Sialidae,hic-arima,764724129,70.2,0.26
Sialis lutaria,279420,Megaloptera,Sialidae,hic-arima,776395361,77.44,0.28
Sicus ferrugineus,1219204,Diptera,Conopidae,hic-arima2,272727056,55.03,3.17
Sicus ferrugineus,1219204,Diptera,Conopidae,hic-arima2,241843812,50.22,5.27
Sicus ferrugineus,1219204,Diptera,Conopidae,10x,381570334,61.74,1.55
Sicus ferrugineus,1219204,Diptera,Conopidae,10x,372843636,63.4,1.94
Sicus ferrugineus,1219204,Diptera,Conopidae,pacbio,309139068,51.92,1.41
Sicus ferrugineus,1219204,Diptera,Conopidae,pacbio,309717595,55.5,1.73
Silo pallipes,1523455,Trichoptera,Goeridae,10x,1127331543,43.25,1.04
Silo pallipes,1523455,Trichoptera,Goeridae,10x,1147577357,50.75,1.27
Silo pallipes,1523455,Trichoptera,Goeridae,pacbio,9985829,85.4,2.57
Silo pallipes,1523455,Trichoptera,Goeridae,pacbio,17412176,87.65,3.82
Silo pallipes,1523455,Trichoptera,Goeridae,hic-arima,1837589110,71.47,0.85
Silo pallipes,1523455,Trichoptera,Goeridae,hic-arima,2174212003,84.21,1.14
Silpha atrata,414934,Coleoptera,Silphidae,10x,1239540830,50.23,2.12
Silpha atrata,414934,Coleoptera,Silphidae,10x,1232256943,60.73,2.45
Sphaerophoria scripta,226180,Diptera,Syrphidae,10x,578229366,45.82,3.06
Sphaerophoria scripta,226180,Diptera,Syrphidae,10x,577188918,53.19,3.31
Sphaerophoria scripta,226180,Diptera,Syrphidae,hic-arima,892754108,60.39,0.95
Spilosoma lubricipeda,875880,Lepidoptera,Erebidae,pacbio,589297202,25.52,1.81
Spilosoma lubricipeda,875880,Lepidoptera,Erebidae,pacbio,589998299,32.98,2
Stauropus fagi,753423,Lepidoptera,Notodontidae,10x,408342580,22.51,0.78
Stauropus fagi,753423,Lepidoptera,Notodontidae,10x,408264581,30.08,0.87
Stenodema laevigata,1511253,Hemiptera,Miridae,10x,1001387107,54.06,0.8
Stenodema laevigata,1511253,Hemiptera,Miridae,10x,990283907,59.39,0.88
Subcoccinella vigintiquatuorpunctata,295815,Coleoptera,Coccinellidae,10x,650182847,48.61,1.9
Subcoccinella vigintiquatuorpunctata,295815,Coleoptera,Coccinellidae,10x,631162642,52.73,2.25
Sympetrum striolatum,6969,Odonata,Libellulidae,pacbio,1404420558,35.65,1.73
Sympetrum striolatum,6969,Odonata,Libellulidae,pacbio,1403927496,39.86,1.9
Synanthedon tipuliformis,301680,Lepidoptera,Sesiidae,10x,320810525,26.31,0.16
Synanthedon tipuliformis,301680,Lepidoptera,Sesiidae,10x,323703809,31.96,0.19
Syritta pipiens,34682,Diptera,Syrphidae,10x,324561224,20.85,1.47
Syritta pipiens,34682,Diptera,Syrphidae,10x,324179279,23.64,1.63
Syritta pipiens,34682,Diptera,Syrphidae,pacbio,309857435,11.74,1.39
Syritta pipiens,34682,Diptera,Syrphidae,pacbio,311122822,16.46,1.52
Syrphus ribesii,1124549,Diptera,Syrphidae,10x,749876539,50.72,3.46
Syrphus ribesii,1124549,Diptera,Syrphidae,10x,745031154,57.09,3.55
Syrphus ribesii,1124549,Diptera,Syrphidae,pacbio,1295113476,59.09,0.28
Syrphus ribesii,1124549,Diptera,Syrphidae,pacbio,595817457,48.43,3.54
Tabanus bromius,304241,Diptera,Tabanidae,10x,1522055610,62.95,2.55
Tabanus bromius,304241,Diptera,Tabanidae,pacbio,1363695030,58.89,2.53
Tachina fera,631328,Diptera,Tachinidae,10x,738343941,42.02,1.8
Tachina fera,631328,Diptera,Tachinidae,10x,753596467,52.15,2.02
Tachina fera,631328,Diptera,Tachinidae,pacbio,686641052,34.34,1.67
Tachina fera,631328,Diptera,Tachinidae,pacbio,697635042,46.44,1.88
Tenthredo livida,520905,Hymenoptera,Tenthredinidae,hic-arima2,595416169,69.19,0.45
Tenthredo livida,520905,Hymenoptera,Tenthredinidae,10x,346087463,39.09,0.36
Tenthredo livida,520905,Hymenoptera,Tenthredinidae,10x,347926944,43.58,0.39
Tenthredo livida,520905,Hymenoptera,Tenthredinidae,pacbio,299695600,29.45,0.42
Tenthredo livida,520905,Hymenoptera,Tenthredinidae,pacbio,298222159,34.3,0.47
Terellia serratulae,381337,Diptera,Tephritidae,10x,1121828696,57.34,1.63
Terellia serratulae,381337,Diptera,Tephritidae,10x,1092354713,63.24,2.09
Terellia serratulae,381337,Diptera,Tephritidae,pacbio,894012649,40.54,1.39
Terellia serratulae,381337,Diptera,Tephritidae,pacbio,894493728,50.39,1.75
Tethea ocularis,997289,Lepidoptera,Drepanidae,10x,354221859,26.8,0.83
Tethea ocularis,997289,Lepidoptera,Drepanidae,10x,358659713,32.6,0.9
Theodoxus fluviatilis,120472,Cycloneritimorpha,Neritidae,pacbio,11721771,79.47,2.9
Theodoxus fluviatilis,120472,Cycloneritimorpha,Neritidae,pacbio,14163737,82.18,4.1
Thyatira batis,721163,Lepidoptera,Drepanidae,10x,318545773,30.81,2.13
Thyatira batis,721163,Lepidoptera,Drepanidae,10x,319697422,34.45,2.51
Thyatira batis,721163,Lepidoptera,Drepanidae,pacbio,313073918,27.06,1.86
Thyatira batis,721163,Lepidoptera,Drepanidae,pacbio,313718780,30.75,2.15
Thymelicus lineola,218773,Lepidoptera,Hesperidae,10x,514420974,37.11,3.17
Thymelicus lineola,218773,Lepidoptera,Hesperidae,10x,516722471,42.71,3.42
Thymelicus lineola,218773,Lepidoptera,Hesperidae,pacbio,495346028,40.09,3.34
Thymelicus sylvestris,272628,Lepidoptera,Hesperiidae,10x,491489514,41.6,1.68
Thymelicus sylvestris,272628,Lepidoptera,Hesperiidae,10x,500818685,45.95,1.92
Thymelicus sylvestris,272628,Lepidoptera,Hesperiidae,pacbio,497308785,36.7,1.42
Thymelicus sylvestris,272628,Lepidoptera,Hesperiidae,pacbio,496963451,41.11,1.57
Tinea semifulvella,1101063,Lepidoptera,Tineidae,10x,624328380,41.6,0.87
Tinea semifulvella,1101063,Lepidoptera,Tineidae,10x,626727959,52.01,0.92
Tinea semifulvella,1101063,Lepidoptera,Tineidae,pacbio,592368775,37.21,0.82
Tinea semifulvella,1101063,Lepidoptera,Tineidae,pacbio,592479573,48.58,0.88
Tinea trinotella,1594354,Lepidoptera,Tineidae,10x,409402527,32.72,1.4
Tinea trinotella,1594354,Lepidoptera,Tineidae,10x,414987282,42.26,1.53
Tinea trinotella,1594354,Lepidoptera,Tineidae,pacbio,366732221,24.39,1.32
Tinea trinotella,1594354,Lepidoptera,Tineidae,pacbio,367756624,34.34,1.45
Tinea trinotella,1594354,Lepidoptera,Tineidae,hic-arima,478623291,63.09,1.47
Tiphia femorata,330862,Hymenoptera,Tiphiidae,pacbio,302487332,23.72,0.38
Tiphia femorata,330862,Hymenoptera,Tiphiidae,pacbio,301685713,27.15,0.4
Tipula paludosa,52757,Diptera,Tipulidae,10x,1047960664,36.84,0.8
Tipula paludosa,52757,Diptera,Tipulidae,10x,1048926232,45.78,0.91
Tipula paludosa,52757,Diptera,Tipulidae,pacbio,1003732077,33.75,0.78
Tipula paludosa,52757,Diptera,Tipulidae,pacbio,1001761631,43.2,0.89
Tipula vernalis,2741129,Diptera,Tipiulidae,10x,2504817232,67.59,0.41
Tipula vernalis,2741129,Diptera,Tipiulidae,10x,1441629972,61.7,2.84
Tipula vernalis,2741129,Diptera,Tipiulidae,pacbio,1255723950,57.14,2.44
Tortrix viridana,311328,Lepidoptera,Tortricidae,10x,454533689,29.81,0.7
Tortrix viridana,311328,Lepidoptera,Tortricidae,10x,459813370,37.12,0.75
Tortrix viridana,311328,Lepidoptera,Tortricidae,10x,542556451,44.72,0.96
Tortrix viridana,311328,Lepidoptera,Tortricidae,10x,554247403,50.75,1.08
Triodia sylvina,537462,Lepidoptera,Hepialidae,10x,2583271795,45.6,1.36
Triodia sylvina,537462,Lepidoptera,Hepialidae,10x,2585521688,54.98,1.56
Trivia monacha,2496348,Littorinimorpha,Triviidae,pacbio,3680616,76.17,3.13
Trivia monacha,2496348,Littorinimorpha,Triviidae,pacbio,4730781,77.8,4.49
Tyria jacobaeae,179666,Lepidoptera,Erebidae,10x,627577714,26.04,1.09
Tyria jacobaeae,179666,Lepidoptera,Erebidae,10x,632534968,32.3,1.16
Udea olivalis,1002971,Lepidoptera,Pyralidae,10x,691052744,37.54,0.41
Udea olivalis,1002971,Lepidoptera,Pyralidae,10x,694519247,44.67,0.45
Vanessa atalanta,42275,Lepidoptera,Nymphalidae,10x,376174577,15.86,1.19
Vanessa atalanta,42275,Lepidoptera,Nymphalidae,10x,379843885,20.89,1.29
Vanessa atalanta,42275,Lepidoptera,Nymphalidae,pacbio,358777358,10.5,1.13
Vanessa cardui,171605,Lepidoptera,Nymphalidae,10x,442413899,25.92,2.59
Vanessa cardui,171605,Lepidoptera,Nymphalidae,10x,446587562,31.83,2.9
Vanessa cardui,171605,Lepidoptera,Nymphalidae,pacbio,404937793,20.51,2.47
Vanessa cardui,171605,Lepidoptera,Nymphalidae,pacbio,408423690,25.99,2.77
Vespa crabro,7445,Hymenoptera,Vespidae,10x,331727223,46.37,0.32
Vespa crabro,7445,Hymenoptera,Vespidae,10x,324782618,50.14,0.34
Vespa crabro,7445,Hymenoptera,Vespidae,pacbio,4114283,80.91,2.34
Vespa crabro,7445,Hymenoptera,Vespidae,pacbio,5132328,87.58,3.52
Vespula germanica,30212,Hymenoptera,Vespidae,hic-arima2,168144470,8.16,0.6
Vespula germanica,30212,Hymenoptera,Vespidae,hic-arima2,166940302,12.08,0.73
Vespula germanica,30212,Hymenoptera,Vespidae,10x,202531885,16.37,0.24
Vespula germanica,30212,Hymenoptera,Vespidae,10x,202784100,21.39,0.21
Vespula germanica,30212,Hymenoptera,Vespidae,pacbio,193310497,11.63,0.23
Vespula germanica,30212,Hymenoptera,Vespidae,pacbio,190797880,16.15,0.23
Vespula vulgaris,7454,Hymenoptera,Vespidae,hic-arima2,165519838,7.76,0.55
Vespula vulgaris,7454,Hymenoptera,Vespidae,hic-arima2,166700627,13.71,0.69
Vespula vulgaris,7454,Hymenoptera,Vespidae,10x,196934980,15.82,0.25
Vespula vulgaris,7454,Hymenoptera,Vespidae,10x,198772614,21.09,0.22
Vespula vulgaris,7454,Hymenoptera,Vespidae,pacbio,192555384,11.96,0.25
Vespula vulgaris,7454,Hymenoptera,Vespidae,pacbio,192012417,17.06,0.24
Villa cingulata,2753613,Diptera,Bombyliidae,10x,421622992,35.35,0.9
Villa cingulata,2753613,Diptera,Bombyliidae,10x,428005424,44.27,0.87
Volucella bombylans,1352473,Diptera,Syrphidae,10x,1287645112,40.11,1.83
Volucella bombylans,1352473,Diptera,Syrphidae,10x,1301485073,48.86,1.98
Volucella inanis,226151,Diptera,Syrphidae,10x,1013860496,25.29,0.68
Volucella inanis,226151,Diptera,Syrphidae,10x,1023272075,35.24,0.73
Volucella inanis,226151,Diptera,Syrphidae,pacbio,959974127,21.22,0.63
Volucella inanis,226151,Diptera,Syrphidae,pacbio,960756335,31.36,0.69
Watersipora subatra,2589382,Cheilostomatida,Watersiporidae,pacbio,764506036,43.04,1.88
Watersipora subatra,2589382,Cheilostomatida,Watersiporidae,pacbio,750313531,49.29,2.21
Watsonalla cultraria,721166,Lepidoptera,Drepanidae,10x,600059030,40.57,1.85
Watsonalla cultraria,721166,Lepidoptera,Drepanidae,10x,605258771,49.14,2.05
Watsonalla cultraria,721166,Lepidoptera,Drepanidae,pacbio,1821429809,38.96,1.34
Watsonalla cultraria,721166,Lepidoptera,Drepanidae,pacbio,1747723757,48.4,1.52
Xanthogramma pedissequum,414876,Diptera,Syrphidae,10x,1045184942,49.46,1.51
Xanthogramma pedissequum,414876,Diptera,Syrphidae,10x,1046379487,57.81,1.69
Xanthogramma pedissequum,414876,Diptera,Syrphidae,pacbio,936003779,41.21,1.37
Xanthogramma pedissequum,414876,Diptera,Syrphidae,pacbio,933297684,51.77,1.54
Xestia xanthographa,988049,Lepidoptera,Noctuidae,10x,1031031889,55.43,2.06
Xestia xanthographa,988049,Lepidoptera,Noctuidae,10x,1018733523,60.86,2.36
Xestia xanthographa,988049,Lepidoptera,Noctuidae,pacbio,945372049,51.55,1.98
Xestia xanthographa,988049,Lepidoptera,Noctuidae,pacbio,938773925,57.88,2.26
Xylota sylvarum,374264,Diptera,Syrphidae,10x,518856051,28.3,0.74
Xylota sylvarum,374264,Diptera,Syrphidae,10x,515380027,33.75,0.82
Xylota sylvarum,374264,Diptera,Syrphidae,pacbio,474911972,21.09,0.7
Xylota sylvarum,374264,Diptera,Syrphidae,pacbio,471657467,27.24,0.79
Yponomeuta evonymella,2567737,Lepidoptera,Yponomeutidae,10x,615788799,37.56,1.12
Yponomeuta evonymella,2567737,Lepidoptera,Yponomeutidae,10x,621371334,45.63,1.18
Ypsolopha sequella,1870436,Lepidoptera,Ypsolophidae,10x,1000062173,53.29,1.01
Ypsolopha sequella,1870436,Lepidoptera,Ypsolophidae,10x,995063511,60.74,1.14
Ypsolopha sequella,1870436,Lepidoptera,Ypsolophidae,pacbio,905028925,46.93,0.94
Ypsolopha sequella,1870436,Lepidoptera,Ypsolophidae,pacbio,902375149,55.84,1.07
Zygaena filipendulae,287375,Lepidoptera,Zygaenidae,10x,394575524,37.76,1.77
Zygaena filipendulae,287375,Lepidoptera,Zygaenidae,10x,401775758,44.73,1.92
